data,etfs_todos__min_vol,etfs_todos__max_sharpe,etfs_global__min_vol,etfs_global__max_sharpe,etfs_america_norte__min_vol,etfs_america_norte__max_sharpe,etfs_latam__min_vol,etfs_latam__max_sharpe,etfs_europa__min_vol,etfs_europa__max_sharpe,etfs_asia__min_vol,etfs_asia__max_sharpe,etfs_oceania__min_vol,etfs_oceania__max_sharpe,etfs_brasil__min_vol,etfs_brasil__max_sharpe,etfs_exterior__min_vol,etfs_exterior__max_sharpe,etfs_desenvolvidos_emergentes__min_vol,etfs_desenvolvidos_emergentes__max_sharpe,etfs_com_ouro__min_vol,etfs_com_ouro__max_sharpe,etfs_com_btc__min_vol,etfs_com_btc__max_sharpe,etfs_com_petroleo__min_vol,etfs_com_petroleo__max_sharpe,etfs_com_ouro_btc__min_vol,etfs_com_ouro_btc__max_sharpe,etfs_com_ouro_petroleo__min_vol,etfs_com_ouro_petroleo__max_sharpe,etfs_com_btc_petroleo__min_vol,etfs_com_btc_petroleo__max_sharpe,etfs_com_tudo__min_vol,etfs_com_tudo__max_sharpe
2015-02-28,0.1485350214505369,0.16058723236719422,0.18279236149469386,0.1787630285525892,0.17852456287641047,0.19342788773403116,0.205456174265154,0.21294135651260412,0.18286787167613694,0.18604011240220822,0.1709278172179948,0.17944749500163626,0.20086115708339494,0.2069257771332833,0.0964700208792153,0.0964700208792153,0.18272637047550244,0.19609783215141818,0.17331237435445826,0.1791081746748687,0.10671713129831507,0.11063441437559439,0.14853502261002705,0.16950005954403272,0.1455685116023978,0.15917593293255486,0.10671713040559702,0.11491836257215832,0.10139767314406069,0.10815289850325084,0.14556851208969643,0.16754036591789445,0.10158438908918584,0.1119336353906119
2015-03-31,0.06156283242034385,0.057009510006173485,0.09576587416399251,0.09427304856924601,0.09365673728078215,0.08633545184105458,0.08538804061144782,0.1151697719622886,0.04712501736152519,0.07413536818351638,0.11125362711249923,0.09969485425547214,0.07635436708575813,0.07204440748386887,-0.010197927187564182,-0.010197927187564182,0.08393196219436265,0.10442715477179063,0.09600207563818912,0.09644260977991145,0.05427939263439649,0.0590470280092164,0.061562851965702006,0.05273062067666989,0.06464017883878768,0.05537683814965597,0.05427938492016066,0.0553126860486908,0.05793517059222883,0.05591804662086829,0.06464021418339805,0.05033593651047568,0.05794802745061588,0.05201615443872503
2015-04-30,0.012820698002884007,-0.002099407869766324,-0.053417860237827276,-0.058488716812331254,-0.06907331910280409,-0.060650152500283425,-0.05702876615172063,-0.05229674178471245,-0.023733119274321424,-0.045531159855563816,-0.06183443519303356,-0.04752439449218741,-0.06847427783688627,-0.06630054705134147,0.1034343218562579,0.1034343218562579,-0.03293883726894601,-0.051681466450670795,-0.031156905359028035,-0.039431091514421486,-0.007462861614550559,-0.019143792973937212,0.012820697930252598,-0.005507210502919077,0.015543841243655376,0.002474751150281699,-0.0074628604006029015,-0.022423555133097007,-0.002116724875758628,-0.01187536326793975,0.015543843295693287,-0.0003593956317744973,-0.0021198093208811817,-0.01411021966824891
2015-05-31,0.026218119952886136,0.03078274538355351,0.06937849217992591,0.06966510856576535,0.0744248129871086,0.08162087495118438,0.05332335992410846,0.04160841058792108,0.0763471338365449,0.06464615557632075,0.08253220602366815,0.06787819160194815,0.02536266031069695,0.03388741843018739,-0.05986818970541552,-0.05986818970541552,0.054426192304661315,0.0637919870245591,0.04665122463620423,0.05689423901697241,0.030104609407023673,0.03405627116747526,0.02621811665228107,0.025198349779201816,0.027625526428715366,0.03199695794182414,0.03010460945157033,0.031209114447441684,0.031382911548430134,0.036432775300768064,0.02762552506308022,0.02723582922383133,0.03131211634933938,0.0339193592782333
2015-06-30,-0.023791604996931292,-0.026731027048032433,-0.04098526830753938,-0.039170318618340194,-0.035633669287810414,-0.03973933701242681,-0.05139255783317225,-0.05052549194452075,-0.051868697375613615,-0.04307692705758421,-0.03297531301249821,-0.04318827076268103,-0.06425111360660811,-0.057614182176486395,0.002142173585594209,0.0021421735855942084,-0.047066722721134456,-0.04615989538159075,-0.04265368641515539,-0.04256036557065059,-0.0223619238749044,-0.023125199576158717,-0.023791596528042955,-0.008342258888428947,-0.022264139407774424,-0.02678928705855092,-0.02236192462869521,-0.010641109990015643,-0.02062574716417676,-0.022794342198256837,-0.02226413022441597,-0.008607755928566925,-0.02032133495137921,-0.010778247707562204
2015-07-31,0.03904681514898161,0.04434920420320697,0.09486342134622548,0.09103785251590146,0.09258344163408885,0.11128795868524614,0.03733958739711206,0.02204644812679572,0.09931426989330183,0.10762075003204562,0.08122374652346806,0.026410097542547976,0.07985263677958239,0.0764584904189618,-0.040614072867687256,-0.040614072867687256,0.05028082983830126,0.05770256213868011,0.04721330067739455,0.0703140236190139,0.018851745962513277,0.02263215334962906,0.039046806297623284,0.04558013510816409,0.030685673192246223,0.03757640254707831,0.018851745699615823,0.026445451868143403,0.002091441790282556,0.01287491469207262,0.030685653534065386,0.037343454313201366,0.002102227688906382,0.014966914453591693
2015-08-31,-0.04518935340214336,-0.03573308256152859,-0.01309711501276576,-0.010589507415753818,-0.0004917605383391542,-0.006624733590952075,0.01941004992707598,0.026178001697444265,-0.023074345320451828,-0.019232913147366398,-0.03309516367961193,-0.029215580077556497,-0.04305023802642732,-0.05352408487612337,-0.0816284963841506,-0.0816284963841506,-0.01570264370052831,-0.0028974847074511954,-0.028294379305769262,-0.022295371107471207,0.00019682129451261516,0.012827418196313393,-0.04518935378168111,-0.05448367434383625,-0.04065407147588497,-0.03189071258897053,0.00019682471499665076,0.003221230758567302,0.010104450289366525,0.017780871642870146,-0.04065407039526144,-0.048892240564575376,0.009849345401133068,0.009363373114883337
2015-09-30,0.04117664075602785,0.04973245208567486,0.0899511284344846,0.09398484099113147,0.09718935814849732,0.09932995863653757,0.07751229561139762,0.04920451436169605,0.0884318117128231,0.08103059303735666,0.10135604330447869,0.10590882653283261,0.09938719433118325,0.08858001685762251,-0.042126154410766836,-0.042126154410766836,0.09070287613936831,0.08223192443235063,0.10070153078834428,0.09432567346185157,0.05341343679026073,0.057416448578681674,0.04117662671617496,0.060002466917340486,0.04042475638875043,0.05002363380592104,0.05341343727802192,0.06310507207578092,0.05314821574987331,0.05796251003270376,0.04042474499554237,0.060065822130666524,0.05325701077645433,0.06356328866915431
2015-10-31,0.020742026295310856,0.044562447656397455,0.016040973191720896,0.020884878657957406,0.03220644815739899,0.055794256855487064,0.027287964033013496,0.0946981816306415,0.010764138568870818,0.018584945964366287,0.005952447698922772,0.005941099140183512,0.024181122180357093,0.0011960589788651023,0.022334819569124646,0.022334819569124646,0.018154822147818106,0.07119133812352428,0.008852755208173182,0.01034730382457452,0.0032606961469967065,0.01762004896593433,0.020742028044404788,0.05868136525166488,0.018646943736047625,0.04025275211310636,0.0032606933464220675,0.027308530477334746,-0.001156493256848684,0.010814666432142593,0.018646944635089882,0.05280718228657572,-0.0007539844615394513,0.01917420443914856
2015-11-30,-0.009610475564378999,-0.01062018280852198,-0.0074560327385200425,-0.006192197408874445,0.0023005548559902763,0.004277517451442622,-0.04462276003254176,-0.04414902104061789,-0.017444015625323495,-0.015920604686969035,-0.012340086942983847,-0.02079870350115738,0.0006999684866840944,0.00811891054854419,-0.01576578240726978,-0.01576578240726978,-0.025680227939153293,-0.01754150454421147,-0.01740407548395415,-0.013338514107736624,-0.03144987472601319,-0.03184034167946176,-0.009610471264052758,0.011168028605210845,-0.01396748259064458,-0.01464458422444812,-0.03144987711279479,-0.01779540822731434,-0.039551493012516356,-0.03867495673753248,-0.013967480352480997,0.005486146374235681,-0.03923644141188777,-0.02600637360064467
2015-12-31,-0.0071016970036157714,-0.006602909661765852,0.008166419175360939,0.008325461700444459,0.0004598586327805059,-0.0003838546817302561,-0.007859243425536256,-0.011035705922733952,-0.012890684928623108,-0.01347550247649343,0.02156936047366606,0.005256825969209958,0.06638563542698073,0.05189521051537582,-0.03592676584472021,-0.03592676584472021,-0.0049441259299211095,0.0004310857193360454,5.3449454270746477e-05,0.0036890783069778773,-0.002263342119463603,-0.0005988803914097337,-0.007101690655308757,0.011002551484181963,-0.009593091622314039,-0.010972280702750121,-0.002263342945063315,0.011094011863366433,-0.006895345323390951,-0.00519444844645556,-0.009593083151315702,0.005097171316089184,-0.006586479373143762,0.005136582590537334
2016-01-31,-0.04743816784178589,-0.04620853575373547,-0.027912610768759227,-0.026629155295334717,-0.02132146986071593,-0.03782088856433652,0.01566688506306899,-0.006352430809575107,-0.02179746551311834,-0.02853502356164982,-0.03527421931358936,-0.011170914192187683,-0.04203859969726123,-0.04368419957870939,-0.06978405807901344,-0.06978405807901344,-0.015001421680782742,-0.027244128943315522,-0.027001028314936115,-0.027887305689872296,-0.004310658337958793,-0.001376520276417245,-0.047438171213809,-0.054030841299003395,-0.05058997967476822,-0.04833204949040481,-0.004310654799335729,-0.005714548690079242,-0.007662718916943315,-0.005114921664282064,-0.050589989277738126,-0.05596578818332884,-0.007865969538235073,-0.009635451929004111
2016-02-29,-0.012504841091697801,0.007877780516382873,-0.0472331787271421,-0.037325337299111694,-0.029398892057041364,-0.042243736583471636,-0.008410788776507085,0.01572400287240946,-0.05561764623267973,-0.061542087318933084,-0.05712351692796601,-0.004300595063829961,-0.030191890642110544,-0.04504837498000891,0.057667828921285524,0.057667828921285524,-0.03494529265249495,-0.005154892464482824,-0.04313833371129822,-0.0486404153918436,0.031803151075213386,0.03978711776677726,-0.012504847101345914,0.029158897955251388,-0.014340926661457256,0.0037796223592212273,0.03180315480278068,0.05343883036850472,0.03079146669084496,0.03572075418806361,-0.014340938848526783,0.023911957172545035,0.03110053734108138,0.048087800636798766
2016-03-31,0.041087347155945884,0.04092069230512344,-0.026921690249964787,-0.025898966113392263,-0.027907645674344464,-0.026246101186857253,-0.0009077992629287385,-0.02332284917484393,-0.04420531383640902,-0.03373984019792564,-0.023836247422658743,-0.02699709805527994,0.01966049601285205,0.014109406850687069,0.1734619660884924,0.1734619660884924,-0.011135851211014704,-0.03138688153314491,0.0006561696315205598,-0.01227614681351297,0.012399004223379534,0.005982310876778103,0.041087353035958,0.03181494950096484,0.040325709854226455,0.03918129739275389,0.01239900242961675,-0.00046155736551513246,0.010028224130435852,0.0037299964693939913,0.040325712194627085,0.029516066545653925,0.009772757859563753,-0.0029307627244913328
2016-04-30,0.012258876195888063,-0.012896319744632314,-0.014197774616597691,-0.019422850042549622,-0.017661482983524945,-0.04518098031643744,-0.008256204062154259,0.009124938860719146,0.006509638685139096,-0.000499388000481645,-0.037159947686190464,-0.07622538937111654,-0.006126509299749853,-0.0018168966163232274,0.07216287377210517,0.07216287377210517,-0.011520404508728273,-0.0391064325000346,-0.019264697070228105,-0.01503925610980582,0.025588079629417757,0.016730640980462275,0.012258870317755868,-0.006092618779850682,0.015279083687424087,-0.00806702127665847,0.025588082210410472,0.023227678924710893,0.031194479535075696,0.02223138980623654,0.015279073192875973,-0.0003473205597711309,0.031354171878664204,0.029528281684114532
2016-05-31,-0.012037357619878453,0.004963376760416081,0.025033241821989866,0.028632022175185456,0.03913677673116085,0.06173844537476479,-0.04371899117356282,-0.013438815133338654,0.013260564169659483,0.0161735355182537,0.04632396057184819,0.0495599025599724,0.00905057259218846,0.0005120767098170118,-0.09837010389289291,-0.09837010389289291,-0.003978385227804096,0.0508914583124697,0.00347250523781674,0.011968330071372334,-0.0361559444360079,-0.026583947590349002,-0.012037350828370593,0.020321541602121816,-0.006774261232136161,0.007555072241988003,-0.036155949282065614,-0.017815900125537708,-0.029744173465260124,-0.02293892255532601,-0.006774244259028722,0.023569059377321167,-0.02939012238592187,-0.013954464310408466
2016-06-30,-0.04097346908068893,-0.0365140652564631,-0.10299823415749891,-0.09289938769055284,-0.08649706439408206,-0.1062247903916099,-0.05200818251673823,-0.0451132729997488,-0.11313753899562673,-0.12876114298319244,-0.09020853781889036,-0.05761062484217081,-0.07298729231812814,-0.0795724385935418,0.061250553808527286,0.06125055380852729,-0.07424691960894075,-0.07210601236282652,-0.07717724100618244,-0.09264186041487124,-0.015301295005423704,-0.015392210728173015,-0.04097346291192971,-0.0064076780123156225,-0.04182194572231767,-0.03964381248728667,-0.015301293714486453,0.003197811970530192,-0.015371195408988073,-0.019022329078260777,-0.04182194270378162,-0.01080116532788128,-0.014932346402993759,-0.0016703965349950875
2016-07-31,0.07820212413823176,0.09259942096514027,0.05407299764396473,0.05190114323001804,0.04419411007448601,0.07320622181668683,0.026006171255129794,0.020854773188590817,0.02885201974237983,0.04456315649954692,0.07158808460788647,0.07987319436286705,0.09088877373699375,0.08873147098476997,0.11583163532167995,0.11583163532167996,0.04543003720200063,0.0667437473887274,0.061356475397713876,0.05883752513069546,0.06629405405059338,0.07073122408958125,0.07820213772477577,0.0786241163425186,0.07236525920569806,0.08419352185056958,0.06629405125608186,0.061626927251212604,0.05527328393004963,0.06006864917785255,0.07236527171402966,0.06831611645083774,0.0550280707690829,0.04943669072795833
2016-08-31,0.0018009310162266632,-0.003071652762423045,-0.010009171865917195,-0.010361396901459652,-0.01056696563041819,-0.002445317986169577,-0.025729336253435087,-0.01664440642335952,-0.0029942586582191177,-0.0041685018152982384,-0.0034604542675369895,-0.009935980808075662,-0.03393898231522084,-0.04537395283502732,0.004489942504126709,0.004489942504126709,-0.009508334829713997,-0.00922832756368272,-0.006303767560475216,-0.007861605419728626,-0.015252837380154457,-0.017566717264966118,0.0018009345410096567,-0.012185998686274686,0.0028858419333778877,-0.001080739492630891,-0.01525283792267759,-0.023841992332446122,-0.012936571087822465,-0.014899082271124249,0.0028858494002444767,-0.009924956971588154,-0.013066020293493866,-0.020564474646360405
2016-09-30,0.020784836353756612,0.028738958351681793,0.020304275042746324,0.016410332682367246,0.011824555441858337,0.031498064938271356,-0.0010371487906140507,0.02411792059601508,0.011420826090215108,0.00982378899524178,0.03259059005913762,0.04685285661358894,0.030816981687507444,0.040815363138592575,0.011264099136021777,0.011264099136021777,0.020204569478515955,0.04546414310837272,0.029708859737038615,0.02685637542447376,0.015345726463541333,0.019750138125486958,0.020784843779355192,0.03256140999675221,0.024300968193824265,0.029680676667010086,0.015345722558501229,0.021017758489163763,0.01978494556877692,0.020964507411860095,0.0243009830711794,0.03373316879972535,0.019972111306477115,0.022415664822001476
2016-10-31,0.02045657752689337,0.022178005932598575,-0.038719981447259286,-0.0360334018430023,-0.03566500334081095,-0.03359746742236253,0.03750522133208475,0.009849533560253122,-0.06935890733638916,-0.045339033761013135,-0.020787009534698538,-0.012789620753470815,-0.06262371286572226,-0.04639653089533724,0.11209335216851302,0.11209335216851302,-0.021858131795057134,-0.02505244591016682,-0.03298463075946147,-0.036582428667496655,0.0085481576652363,0.007535709815899283,0.02045660108605484,0.04082339846644773,0.022143664912061448,0.019615933455513986,0.008548154559611476,0.01925528275242223,0.009700282402571665,0.005169132919710266,0.02214369143892236,0.0373978331355036,0.010008833827042289,0.015895126905248313
2016-11-30,0.030372624310283206,0.030854644798385646,0.07425739749459197,0.08942816364447315,0.12468623199740067,0.0961345299396928,-0.021650351316536545,0.0003222542823941212,0.08042442966368446,0.05892140399778417,0.05089814531159487,0.05438517707231242,0.07929614086283579,0.08677524746494902,-0.0461049515982247,-0.046104951598224704,0.03841228612104969,0.07184443583696717,0.045406729859509075,0.052973240787245836,0.006573620699246033,0.00770261507549695,0.030372607475437758,0.03704232149311741,0.03229255422432618,0.0341065154183945,0.006573617151760345,0.010982830114696666,0.008275265732564086,0.008680337920053486,0.03229253675865937,0.04102115205424308,0.008236628907577478,0.012572253536245857
2016-12-31,-0.05179538957959362,-0.046360451554966174,-0.03732871608774479,-0.039863626946174735,-0.03961481192135626,-0.04682295043339357,-0.05798701192021647,-0.0573528727511273,-0.025294656030207308,-0.008449225479079761,-0.08189620424816556,-0.07652031766451906,-0.05530369103561236,-0.04308970008669455,-0.029333305358886674,-0.029333305358886674,-0.052940709791454474,-0.05783599641613322,-0.05166545890210062,-0.04420693502773462,-0.05300656159317924,-0.053133734559614114,-0.05179540423291629,-0.019083372809107702,-0.053299557117432526,-0.04416674488738582,-0.05300655571481134,-0.0346666759278168,-0.05410322544027172,-0.05016499204463062,-0.05329958340481302,-0.016507143115593044,-0.05369975183804933,-0.031919692308607285
2017-01-31,0.025652562627716095,0.038559056504260364,-0.007007231543030753,-0.011052203999719179,-0.028033115772885895,-0.001795468708675649,-0.0022069231191681944,0.026526635328059028,-0.015189403981073935,-0.01918158884751761,0.012871375910519017,0.023594893283699556,0.021779201453894552,0.008991656403818606,0.07125682677849277,0.07125682677849277,0.005351508126069255,0.024581375557303775,0.012576547866303871,0.0051446935635214176,0.026273855654506517,0.030372882679541822,0.02565257170030834,0.0330411890055632,0.023593152224285013,0.03415564814632167,0.026273855712632445,0.026322706342831164,0.023021303299806107,0.026768641285436524,0.023593163161665844,0.027447408323991156,0.023037849493401114,0.021875900490949937
2017-02-28,0.02140878627076585,0.03229241556643082,0.010489356927162432,0.018502020111680784,0.024816174373099326,0.027246329943709773,0.02413653571995329,0.020292593638097184,0.008068728801163827,0.003117938956123638,0.01717071023442954,0.017901981768796208,0.014482075257089446,0.026748319997193182,0.033819532473046365,0.033819532473046365,0.01467492945155621,0.024011822129216456,0.009706686641197402,0.007121252511262541,0.02459643086555422,0.028926665159754335,0.021408783292498432,0.05096439897679362,0.02111998936138587,0.03139740254948427,0.02459643254288082,0.041267782671174286,0.02485206335247411,0.029089101663867675,0.02111998542857428,0.049404726384304494,0.02515073164879547,0.04075999799194874
2017-03-31,0.007069620831714152,0.01714544913214972,0.036906277728940784,0.027294822087531534,0.012800702554013102,0.02878579420185173,0.10978019954773943,0.10405253576316585,0.033984474986162194,0.057702458265681225,0.0369905176258795,0.03551095246688858,0.028453029562256354,0.04413310490250999,-0.026666685592296457,-0.026666685592296457,0.057401676590116205,0.04613753510906861,0.04745776163251056,0.046182219024207986,0.0027896148001778716,0.006900450946778065,0.007069616201954347,0.0026042790196243665,0.0033090657189782683,0.013802284335809628,0.002789614835808055,-0.0031427861580148654,-0.0033424155957161245,0.0025926839432827784,0.0033090600306756434,-0.001403784563128019,-0.0035163830511134764,-0.007813553556306155
2017-04-30,0.018140093331650006,0.024642204170172245,0.03027022044877188,0.026905936185495305,0.015472850999417436,0.029451703487418837,0.01265789126028628,0.02069683706772802,0.027687291671679937,0.040143836664372455,0.026389183611155123,0.02481427908691722,0.008517836071694243,0.0039061689492170264,0.006530739971076783,0.006530739971076784,0.02393509969815227,0.028688616048562928,0.031154133744062912,0.03198684485799593,0.019720898580999645,0.02240640454594704,0.018140090329654735,0.049964094941157895,0.015885562561112114,0.02270289270065449,0.019720899664454145,0.038687737227485065,0.01638603501448328,0.020655986531378828,0.015885558660196857,0.04692515182317412,0.016870825783385786,0.03593256099395756
2017-05-31,0.01994460736337416,0.024692837859634716,0.053028788321025776,0.04622064539821236,0.03147655895349613,0.051930428309642285,0.029033299019661993,0.051071355028821507,0.07030476407744835,0.07008358149252912,0.05013802306327856,0.044400945587460376,0.004066334969042156,-0.020599281792084142,-0.041620467013372076,-0.041620467013372076,0.050648031463141174,0.057198667076197786,0.05211758962445491,0.055032048508651156,0.011365889608834405,0.01367868364123294,0.01994460064661839,0.09654264803437927,0.016404962417135686,0.023225289505502657,0.011365891484396375,0.05906247792955392,0.006332547827899119,0.012639280848127387,0.016404955625275636,0.09304055258910589,0.0077017811742379596,0.05610762285596158
2017-06-30,0.014494630479708849,0.004781228858161456,0.02142261542199347,0.022264074060546202,0.019759799362345357,-0.0058276641948743204,0.033107291725146475,0.017334075773804233,-0.0016870548849805544,0.0011247589689635275,0.02456166710179061,0.04922115875790484,0.056527250726195494,0.04533939877117721,0.006109625553079034,0.006109625553079034,0.018136349496683943,0.0069655823371519475,0.02363991657076136,0.02232139217550599,0.003891463773250256,-0.0036126228727334487,0.01449463793770156,0.021176018682952692,0.014092977416222575,0.003519634311055209,0.0038914611116088564,0.004433912316520666,0.0026525959990917752,-0.00561150122071082,0.01409298856455705,0.01928685053722765,0.0027982996036520305,0.0019707861496350257
2017-07-31,0.009443552007029768,0.012879738055463606,-0.010768196249923498,-0.01154991441186104,-0.017368170541551254,-0.0008821469734283069,0.018316147077105292,-0.003895536221036657,-0.015042721495677203,-0.010665882134888472,-0.005637949790827999,-0.015816849695680365,0.0024336907366410174,0.00741941779544808,0.045790265904370075,0.04579026590437008,0.0036088029386804623,-0.009911804784903918,0.004574338401894305,-0.002124464781772859,0.005694065777925878,0.007284147953925118,0.009443553672134642,0.026120787561263053,0.010478875470613604,0.014214082869075715,0.005694066639045819,0.015972545061035442,0.008618421413885394,0.009742212881500336,0.010478879402728628,0.027119035590938714,0.008891481139283772,0.01836460013675335
2017-08-31,0.025345161692893328,0.0345578200436011,-0.004037436961336501,-0.001958303456233157,-0.010495492354082585,0.0032500484395176694,0.018293927674916586,0.0030329091146587208,-0.014105119659233667,-0.009236356772932877,-0.0010842795985190811,0.01270473060415341,-0.014072598976641405,-0.008137277559700508,0.07360330118578884,0.07360330118578884,0.006447233883889891,0.006153471195673386,0.007579571111050514,0.0015267405226724476,0.035052111806058876,0.03817046829904846,0.02534516638764788,0.10317461560750824,0.02230380810712492,0.03096811147500671,0.03505211428389909,0.08210961511593116,0.031816929726913856,0.0351942953009383,0.022303811813458627,0.09706271807619009,0.03301770546884829,0.07681111454148325
2017-09-30,0.033025056592642536,0.01858097738370008,0.029464464491959753,0.025928672393341623,0.037965981846606926,0.02006528563755294,0.0030680308353789776,0.03057935352826402,0.03705144280237205,0.04274611026253084,0.006194549324064178,-0.018343493352550564,0.003917986241168491,-0.0023398848923908973,0.04633822539467425,0.04633822539467425,0.018095056496980566,0.01843444607559405,0.017622801059286222,0.024312725929668887,0.015698312249779512,0.01111798275555006,0.033025053613981586,0.005926494820007294,0.034096988114345646,0.020842573089139588,0.01569831068500969,0.003766392090488107,0.01677201168262516,0.011917303153023381,0.03409698342237524,0.008717431560203645,0.016562571561707828,0.005286593077358672
2017-10-31,0.04049344442416672,0.05234473088040401,0.05351858717945503,0.05567437872876391,0.05352293810567048,0.07250859095914743,0.015060870660767858,0.013045753476270005,0.03967702690983921,0.04164050294314662,0.07732133392477003,0.09012981671104049,0.031587683340512235,0.04542354243836466,0.0026543001837322495,0.002654300183732249,0.04811810462486951,0.0706885806883827,0.060747939189452954,0.056664764051526526,0.027018577634032145,0.03241175654462093,0.04049345635860282,0.10462920360342756,0.0433092507736808,0.05360516101051387,0.027018575891543717,0.06439751467148473,0.03140526638731736,0.03509911107097776,0.04330927050600903,0.10538500130433483,0.03236120312509627,0.06623886749853676
2017-11-30,-0.007666116917998037,-0.014617632969464967,0.0006717500671919684,0.007009242205108901,0.015570482026906243,0.0062043153768057725,-0.059647427073342855,-0.025550575628981408,-0.014054572305850055,-0.01666069796920261,0.0030169997575580482,-0.028869272634670297,-0.01112670359882482,-0.009884555742028178,-0.033022087613772566,-0.033022087613772566,-0.022199250938484967,-0.008297593728587785,-0.008677631641539158,-0.006747417322547597,-0.013220520916529808,-0.012333373042013747,-0.007666113575698537,0.04423112509938052,-0.0034586613125481397,-0.012759973346055425,-0.01322052453986451,0.026279550290604713,-0.008050603600189605,-0.010154419307214623,-0.0034586519101147944,0.04523614556328656,-0.006988920991556488,0.027480904157842406
2017-12-31,0.04808489586523187,0.045294464314920076,0.03638372780352514,0.03523273299712315,0.03818311710870262,0.03382689404411858,0.09272398618793656,0.08893566383233531,0.06342777494513663,0.034103149307209986,0.03701639360144848,0.02507326565196265,0.07010698608095817,0.06388273636698516,0.06368873302253619,0.06368873302253619,0.06789752687754573,0.05081975604717945,0.04932874313388616,0.0438571629750706,0.050275453025315095,0.04894866367028159,0.048084887568919654,0.0839594052641428,0.04682175674341591,0.04557450709181445,0.05027545478588432,0.07380299515175716,0.0486910207025759,0.0487669735643928,0.04682174370360693,0.083489473577103,0.04942335146733275,0.07283120795464633
2018-01-31,0.04679342221661396,0.06442169863726631,0.00993438122811277,0.015001031423320654,0.011816349895515681,0.036792748615885225,0.03332573969052846,0.035609338675193565,-0.0038226764926170276,0.012131879829931635,0.006108153222934558,0.021266502530352057,-0.009273215935281867,-0.01487923046515005,0.11081008316164098,0.11081008316164098,0.021165448534100885,0.034428289503849276,0.02398564647515934,0.015727593968525137,0.03613534004134422,0.043099817643462296,0.04679342784604574,0.025623455016659608,0.046663937742279865,0.06361661196340385,0.03613534138027885,0.018498494820467143,0.03763177737331896,0.04341860870200057,0.0466639447362854,0.024927143385761075,0.03698400787753237,0.019399020597590137
2018-02-28,-0.01156360520128306,0.0008616067263032992,-0.02759710276518501,-0.024020171116771794,-0.024998302528335212,-0.006329742063097156,-0.028177955731704257,-0.02192400518739744,-0.04676027673813343,-0.047640371474438364,-0.021445360966803464,-0.026207385745051957,-0.0155179262575902,-0.01913175537268008,0.0060975609756097615,0.0060975609756097615,-0.03369987393920893,-0.01219949664353472,-0.034097632141379355,-0.03245104192553058,-0.006604152981333702,0.001299849808372054,-0.01156359347427679,0.002225973641259239,-0.008699492861509958,-5.5525571433150115e-05,-0.006604153763995943,0.0038454372376837786,-0.003048574225075153,0.002211951076313861,-0.0086994776289155,0.001269775402342495,-0.0029346867504694866,0.004375173150878023
2018-03-31,0.008077825151451997,-5.68654197095792e-05,0.012758705092129294,0.006493691107682721,-0.0002908074065756707,-0.010869240865432677,0.028457977499236325,0.014346931140000794,0.0241524812353362,0.020271665244151638,0.01906539399513005,0.05756355715826764,0.0004542721446298207,-0.01402646169109689,-0.0008484811493845168,-0.0008484811493845167,0.024526790656351192,0.008731290239798992,0.024986181589711564,0.021718895068002897,0.013898178308252247,0.006258128057621669,0.008077825296413309,-0.027895514045049623,0.010178841825206321,0.003034879950664742,0.013898178469146887,-0.013975675617516725,0.01752842845930813,0.010279429611932801,0.010178843905793584,-0.023070863704538334,0.016988227692947316,-0.008469953969978577
2018-04-30,0.037415388416055635,0.023332674453390784,0.05099608965528269,0.04602983689998119,0.059344384147898104,0.061323645647233214,0.045864001803455706,0.034184964964915195,0.08678672754273253,0.0813205932272326,0.04513530942258813,-0.0020355197028352587,0.03934209966703278,0.04985909154744661,0.00909862910619097,0.009098629106190971,0.046321372256977265,0.030830328316670413,0.03112776090396273,0.0419975949313286,0.03426580474742546,0.031104880898573353,0.03741537521135541,0.05806491622106447,0.03755050371745125,0.02621085181293342,0.03426580365141456,0.05502850707859758,0.03310690091823442,0.03198600582754128,0.037550485961242115,0.06095617051774626,0.03377562228114443,0.05569725619116021
2018-05-31,0.007152276591622017,0.029482309574647956,0.07010095791817057,0.08142567699930936,0.1032946942685682,0.13301858899120764,-0.04391999377719691,-0.06638356397453458,0.0698099401019796,0.046545585525765425,0.06583361115722075,0.08067805636493604,0.0978130062064061,0.094774609962335,-0.10952152653195779,-0.10952152653195779,0.03360160679211964,0.07163582464575398,0.055346236633468146,0.05790659468747785,0.009442380499490019,0.02323893875586428,0.007152261083866431,0.005226463772817385,0.007813197073897903,0.03146598346104621,0.009442378242874241,0.007889144899040041,0.010907695515752056,0.02373154887302715,0.00781318593224179,0.008102591241196227,0.010434405547681654,0.009352086103856818
2018-06-30,-0.010364212517342885,0.0027776473302898973,0.024715051280829892,0.030845755134390807,0.04287038374186438,0.04788035671996357,0.03593500034194701,0.007109771233549768,0.024593831265481203,0.02537305873911004,0.007534358620501819,0.017780082224579646,0.054550391324178105,0.05892238964456231,-0.050222778939245316,-0.050222778939245316,0.010145320274969099,0.015185898717620968,0.0015381604823877892,0.009840276532336122,-0.011039487444855181,-0.005220020037868351,-0.010364223217077837,-0.013340659170410631,-0.005014157431393306,0.008920783200580231,-0.011039486529650666,-0.015018982811612078,-0.0025694581271396362,0.0027679857582050193,-0.00501416839021704,-0.004771340352798182,-0.0029081271662693723,-0.005405767239321001
2018-07-31,0.01982073596685585,0.033244534741036204,-0.008612521929472766,-0.004437025703171505,-0.0009584244767388191,-0.008858723048279362,0.044012789607483546,0.05623124526967183,-0.024880526800068692,-0.007844497155328756,-0.007506396601569072,0.006222386017967395,-0.02526907897970228,-0.020801765470727318,0.08670929078079559,0.08670929078079559,0.0006318253843121946,0.013491175331066252,-0.007780197607063239,-0.009692182561224614,0.004635586151048466,0.005773107288837436,0.019820737683588944,0.05149472596075695,0.017311630421732702,0.028596198699673447,0.004635585210893878,0.016600836160200624,-0.0010608246384324175,2.629872298315678e-05,0.017311625808126146,0.04561981060742027,-0.0008159891952325937,0.009458612019621527
2018-08-31,0.050166641407404344,0.08313772724498053,0.1055781481539118,0.12053441782307428,0.13867897142732913,0.16145875050120614,0.03595071436116839,0.01982554764976657,0.06398267405443114,0.06447886138151858,0.10338282017881546,0.11456262411386935,0.10361076880332303,0.09191477647882151,-0.030477361604574038,-0.03047736160457404,0.06357799183633098,0.10950978659193694,0.08326132267945505,0.0879315771830257,0.0504077617461067,0.06856935110388444,0.05016664045661002,0.06707915711052011,0.05696155360554023,0.08638387060444229,0.05040775858346142,0.059291915222459905,0.05990354993612791,0.07334920312308753,0.05696155984688195,0.07207699195106156,0.05957405273947075,0.06501790007311849
2018-09-30,0.0018031853709912257,-0.010437417665884945,-0.02648938041712467,-0.02703074809041084,-0.024851991015489898,-0.0316395186890775,-0.005234952545681326,-0.011439997745796453,-0.01708256944399622,-0.024809451169854037,-0.03466190294888662,-0.030487311430816753,-0.04671856354587118,-0.04883678711281414,0.033594141547496736,0.033594141547496736,-0.021947931017087304,-0.0298833922206207,-0.03579960995674727,-0.03136168991755977,-0.008007572135997882,-0.01397076094964456,0.001803194630943422,-0.017240251194145087,0.003187284473312477,-0.009280045175081844,-0.008007572622409085,-0.017918027011743276,-0.006607150927916794,-0.012383274481554449,0.00318729361049334,-0.015549054441988576,-0.0067145605192892475,-0.01597011457989564
2018-10-31,-0.0634754243546663,-0.07102638261147354,-0.15349853832745824,-0.1475653099068781,-0.14803250049016017,-0.16209537205826843,-0.19529543802996832,-0.17341293376788167,-0.1414587138800053,-0.14817086029563126,-0.16523795499567082,-0.184561401337111,-0.1420524880702366,-0.1423923437905995,0.09750686804842257,0.09750686804842257,-0.16200070302902891,-0.16075785300418166,-0.15899384058956267,-0.1586700536230902,-0.03591677844849141,-0.040502339759625,-0.06347542180543626,-0.06941466493613198,-0.06828815328237091,-0.07483784314644604,-0.035916770617049745,-0.03590442728447653,-0.04122428153130743,-0.043642179196238695,-0.06828816492535414,-0.0743714236129131,-0.04126203654082881,-0.040121542378857934
2018-11-30,0.05042621861670177,0.03756971816815236,0.0526279820829617,0.05885996440694852,0.05704027666054354,0.03751195165868258,0.03763438355304277,0.038632504884861925,0.02988035890779228,0.03540295823668891,0.08778030108535886,0.048559578979379216,0.06996563122607073,0.05245176631943594,0.027235976042540248,0.027235976042540248,0.0585940117194996,0.04508616008311125,0.07301662547335507,0.06144517520250335,0.04268884131755999,0.038463921318324,0.05042622323630007,-0.0033721848679191613,0.04311679913362329,0.02893461716094059,0.04268883683754266,0.011679060642811474,0.030194527800598257,0.025724671491117544,0.04311680672045695,-0.014320302361318997,0.029399695337312154,-0.001943412313319399
2018-12-31,-0.04209868438683626,-0.049385735893848474,-0.05797592211862576,-0.06651119532121552,-0.08730200514008854,-0.08688389802020063,-0.001999589164516082,-0.0238232976005867,-0.040068107236590045,-0.041228380363472227,-0.034238853346138055,-0.026401135874387447,-0.030223082432743638,-0.03299472991005137,-0.020493275630131702,-0.020493275630131702,-0.02841126731168443,-0.06280139196997103,-0.035003915290137216,-0.04232991960959085,-0.004704548332903331,-0.010591091566739217,-0.04209868661375537,-0.04397151610895172,-0.04382069872597775,-0.05098756282006461,-0.0047045448727988624,-0.007417491645293866,-0.006753375239094265,-0.010626390978249271,-0.04382070341900113,-0.045798437103681026,-0.006630615020228343,-0.007827985479563924
2019-01-31,0.05725361446749509,0.06316528117939882,0.023625936796763457,0.02665628763247274,0.030270834554834432,0.039038549729626,0.06272293338701108,0.08862341356110308,0.01951935001006455,0.012930184750976324,0.008162381514169289,0.004041204937612959,0.01250631547337162,0.01638103833083293,0.11111113115154891,0.11111113115154891,0.04063101403738126,0.049557997416472085,0.03307787625625544,0.02766161704302818,0.03773721604697779,0.041252768231075994,0.05725361665876067,0.040718494429994284,0.06038283565862513,0.06464527054257718,0.03773721440518776,0.027453983233432486,0.04237567076028355,0.04348367586792945,0.06038284036043229,0.0425733714084905,0.04208812099635563,0.030383807664652807
2019-02-28,0.021152572077459186,0.020988577150129535,0.03669158182286607,0.037444149264320714,0.044056420420268146,0.04169621478967366,-0.015863873357270703,-0.00020269975824374636,0.047192202628220103,0.046761800671644434,0.024499377029076175,0.01062548856912627,0.04145209657394726,0.04639713331712003,-0.0017021666181847865,-0.0017021666181847867,0.013551129103420828,0.028454935857954982,0.015864338793418482,0.025071157458391818,0.014253589968850991,0.013983092902925156,0.021152559293680834,0.02932500828054805,0.022045569383408948,0.022712063964645424,0.014253589808965525,0.019796346089452535,0.014935154331558717,0.016048781932993982,0.022045555133340736,0.03121794646748167,0.01507857923252058,0.02199136158875001
2019-03-31,0.028766131886139846,0.04514885068517821,0.05656040549617501,0.062205415609159376,0.06507668897411405,0.08390035540107911,0.026133536078603282,0.029717255565494365,0.0598439285245882,0.05612563034717566,0.07052502047862239,0.08145321443589955,0.07210452083950418,0.057510718123854776,-0.021632553905772123,-0.021632553905772123,0.04922611060771016,0.07201504345835813,0.055386218732299965,0.05384832078305136,0.021505634357064037,0.02812318801188551,0.02876612510034587,0.050207805786486384,0.03042916171167051,0.04716155861434676,0.021505633410966864,0.030169445810485317,0.024143105218956476,0.030539957046031237,0.030429157771387317,0.052793136397643714,0.0242379162673865,0.032958194014783004
2019-04-30,0.023931482347582807,0.03815789314747963,0.043321170760314734,0.046599477504289055,0.04790917031358849,0.05912158915867436,0.0301939913440625,0.004916479356852569,0.03494770689530746,0.05125183647008261,0.02543406060432708,0.04376667308433543,0.02040647387704567,0.02371184571942697,0.01165450085260411,0.01165450085260411,0.03021036391780785,0.033275747294167816,0.03681452005927951,0.03857353581730849,0.01657893334080595,0.020528751826458705,0.02393147482627977,0.06869403109609284,0.02535483802624546,0.04022931824355935,0.016578934546426644,0.03984849361547727,0.0189550251338654,0.024038765024982072,0.0253548293415136,0.07092556670896365,0.01942094863103876,0.043086276074681594
2019-05-31,-0.03019202582936059,-0.03423613735221728,-0.04740086446437649,-0.052206267381113336,-0.061489135139791914,-0.07835971237403173,-0.05428922329051314,0.009192479841357582,-0.0528189318538117,-0.05141424834308082,-0.03731848934280924,-0.06261598604491377,0.0028843554412719043,0.010441415538053,0.007644262548107684,0.007644262548107684,-0.052939781245333876,-0.03693510045465976,-0.054318619861974955,-0.049404532672213196,-0.004971727410724123,-0.004675084631100485,-0.030192017981777324,0.035339217623830854,-0.033761836999597325,-0.039805074723199156,-0.004971724905750991,0.041250899287298,-0.010807231037843578,-0.010740059301833282,-0.03376183504223921,0.027278601430039885,-0.0095159789051288,0.03240861746372442
2019-06-30,0.02076538867802357,0.035674031022502044,0.01767410348330003,0.02102389261614679,0.02854637235090944,0.034198118334798855,0.021349162693995727,0.05227758420368958,0.002864487470442878,0.018776364176971063,-0.00015807570771942704,0.010823774920190345,0.01306836842903467,0.01151590731976615,0.037610902983183925,0.03761090298318393,0.014514736468625222,0.0445984932733261,0.01447774255699668,0.014703263455175879,0.028564595707045826,0.03825445998051785,0.020765386610740656,0.05141218983974808,0.022219757167142584,0.03532290684726329,0.028564595064454263,0.04887681849005476,0.03144796085457731,0.03748482147307383,0.022219756194338542,0.05051720801545699,0.03178752825065847,0.04764964395570151
2019-07-31,-0.008858098951672043,0.010422847245431617,-0.017898942803838844,-0.006323133536081272,0.004023640218212584,0.010269487754794809,-0.05261166348146935,-0.030400902954746116,-0.030961612566295815,-0.03398960110498039,-0.02958184636848715,-0.0009395239529525441,-0.005457215212581346,-0.01272411649854055,0.008958940800267047,0.008958940800267049,-0.034347735613139106,0.005700736155360828,-0.02962215030168624,-0.028534295972521558,-0.005676615686682749,0.0033272211818890954,-0.008858096829100019,4.506535141816633e-05,-0.008139016614125357,0.009876685403126922,-0.0056766145349612515,-0.002840429494031433,-0.0037075054367057478,0.003279437334372323,-0.008139015398501908,-0.00023795313981731368,-0.003927162160746494,-0.0028331615740855636
2019-08-31,0.04124083731876976,0.03144084980308046,0.07763900970859373,0.07565766950760922,0.07204916955932872,0.06832483028759347,0.03140790190075488,-0.07400195653436126,0.05811546573378035,0.07226462408227667,0.06678708253554301,0.08902658809972834,0.05786945852793261,0.06413481552541,-0.003776308776334058,-0.003776308776334058,0.04624405506069848,0.004772469879659221,0.06687866222467308,0.07250553145354492,0.08334348642930224,0.0804874057541217,0.041240841223480644,0.04088213572994408,0.040591807761382444,0.034066134240128484,0.08334349205355039,0.08755805797237957,0.08624815308838192,0.08478139686520887,0.04059181312255867,0.044198947271603284,0.08618541578493229,0.09223445628837731
2019-09-30,0.03092627130601523,0.02168426920623268,0.02476581630708115,0.019761268336795146,0.019342720325142098,0.011089518429554579,0.032671195696035354,0.02325980417981202,0.033192321926176716,0.03059633254878818,0.03176369681441358,0.04129254442564303,0.017436951117378176,0.023583114637536262,0.03483251208502036,0.03483251208502036,0.025950163762183027,0.019017931657410378,0.01948045118855702,0.023724388734520548,0.008035431075262847,4.029117633692343e-05,0.030926278668131257,0.006829899180185511,0.02867967330096662,0.020403529212180225,0.008035429916902904,-0.010888566934508785,0.003111091177490063,-0.002380888321038841,0.028679678208197362,0.005798483003951326,0.002790637774408694,-0.013176592828762324
2019-10-31,0.0034960809451571903,0.006508485250479623,-0.012328987062300257,-0.014846642546460398,-0.025274847590883668,-0.00854980749998933,-0.05708117198520468,-0.05658449950508351,-0.00755072932860501,-0.006115827751707091,-0.002435554473538772,0.016976460322023466,-0.029281417795238487,-0.02904355973818451,0.021978033598188063,0.021978033598188063,-0.0192523331678155,-0.015437557481199644,-0.0037250226384696826,-0.006718261826788481,-0.001258865823291696,-0.0040448418869761015,0.003496084044732049,0.017906169397716196,0.0018465342784868342,0.0052281088533590895,-0.0012588649336327275,0.0023656224013074443,-0.004005552822875723,-0.0043533941432091095,0.0018465368771175268,0.016171608716415053,-0.00383082586445328,0.00154814643734565
2019-11-30,0.044310515533209485,0.06336995754326812,0.06939951630530358,0.07516762998685778,0.0859064501779591,0.0894418944617446,-0.0015809165511565925,0.06753037290534454,0.06354327753420219,0.06449235618134906,0.05480895025445796,0.06690875608300735,0.0808906554763551,0.06461436456866232,0.010849511583516548,0.01084951158351655,0.043162658124060685,0.09460540142638707,0.05649158586298832,0.06025113260405488,0.030389015140136283,0.03943185989840629,0.04431050893484823,0.034638701765304376,0.04459320458752082,0.06350550507219553,0.03038901528180268,0.02082862569531965,0.031088545515184467,0.039582684703381735,0.044593197611058476,0.0353876657460371,0.030592385387552185,0.021605119221391734
2019-12-31,0.017217146196856357,0.0301128070079305,-0.007473155987661342,-0.008135508167305128,-0.009393542665010444,-0.0007543522533733596,0.036863624504771,0.049170830160221994,0.010683146674698607,-0.0014682336774253422,-0.017164516672491713,0.012711754532307872,-0.01719899064687023,-0.029773627050431295,0.06593200750758754,0.06593200750758756,0.02193255584994767,0.0244506667408221,0.015008794513024592,0.0050154277528026816,0.01834461799764987,0.02077429001816965,0.017217136338930336,0.019629277065145573,0.01644018781346257,0.030698375607216576,0.018344621154650815,0.013069782124493754,0.018873149298933523,0.022193490787729097,0.016440173960825973,0.020441713041598284,0.018719865781807093,0.01488139449825695
2020-01-31,0.005985944915954531,0.02898722345974154,0.032096300033113506,0.04120468825389012,0.04095163172044301,0.06596257742158208,0.02830246111798108,0.03203987506680984,0.011170665995458018,0.011927019806972233,0.01689695700056753,-0.013415682788988394,0.03525226030417071,0.03866966938126715,-0.020947601912568392,-0.020947601912568392,0.010064711552731113,0.031748427933809914,0.006838111238958559,0.014994650631031912,0.03543708511586094,0.053402302115716435,0.005985943072507986,0.05583684963657986,0.00169566801391019,0.024155816263202935,0.03543708947566894,0.07480353944040496,0.030512242260656606,0.04822569375017617,0.0016956617173750994,0.04914015338511219,0.031043945000082937,0.06772290440582865
2020-02-29,-0.0368272846766161,-0.026853530089650614,-0.022934893949067958,-0.021990002589414637,-0.03662488936242484,-0.021688360783146385,-0.05340380078265701,-0.049370143702491466,-0.05099304462319765,-0.038805636097008954,0.002606362003793841,0.026779760033939858,-0.03249769074805247,-0.044447266590025625,-0.07621673953590724,-0.07621673953590724,-0.023660152611520477,-0.00987799436797955,0.0006212610405327373,-0.01045130548939593,-0.016458236011100233,-0.01091194099673614,-0.03682728050419777,-0.024101861433506604,-0.03613529996673337,-0.02861446304072683,-0.016458237097122824,-0.010872192845230779,-0.013525075923124446,-0.011040981465480276,-0.03613528361708539,-0.026913271233606952,-0.013446959492542597,-0.011328267037770049
2020-03-31,-0.09819234633231175,-0.08437222041267403,-0.008593894160926062,0.002578211836889998,-0.019637138833209705,0.025805353365993614,-0.15127299444882164,-0.1723402625273152,-0.05633704212998991,-0.05122154083260627,0.01877618615338526,0.032770087238554596,-0.0811011105743901,-0.10572051677936334,-0.3106361876142466,-0.3106361876142466,-0.06101801430510688,-0.016253697357482007,-0.029539682638171687,-0.02410435933024969,-0.05243250478554281,-0.03270459048455815,-0.09819231968484782,-0.1017217970369753,-0.11082242988813126,-0.09853109940997232,-0.052432504278293095,-0.042042902862250674,-0.06883194661362062,-0.049599222031874904,-0.11082238871044864,-0.11995016714144623,-0.06908012493525068,-0.061626224688166635
2020-04-30,0.10041486610615476,0.1500393357976001,0.11236058190217013,0.1283449442560416,0.1819229773102701,0.20586456078448598,0.11980807993993811,0.11071792752170938,0.08630536398299427,0.08390952931869947,0.09985842587468788,0.13754293464662368,0.12506008171172728,0.1265317324830617,0.11333815116498713,0.11333815116498715,0.1042704955083332,0.17187653206762601,0.10465979406065853,0.10229757474026363,0.10627846409588945,0.13233801954885693,0.10041485342622171,0.17149863655319725,0.07859520047931172,0.12903205246637228,0.10627845810707254,0.14614435235821033,0.07054166779674988,0.09455543072823686,0.07859516627333298,0.14469888738827322,0.07068766494043599,0.10356056466341589
2020-05-31,0.06114710324529092,0.08336437111750913,0.06720014407494847,0.06448492945086648,0.057520324763148646,0.07267137426775144,0.0634001005696659,0.144764376656681,0.03215150120157695,0.06082042028838868,0.03380605058834514,0.0312419892263654,0.0722574583110736,0.07352786083266105,0.08988476264341672,0.08988476264341672,0.048563244389259984,0.09318533495418141,0.055079800432772094,0.061595344611377216,0.05654235174791974,0.07161974133997719,0.0611471168745877,0.0767798101634719,0.07417350825353917,0.09310668653124221,0.056542354772088715,0.06933262611747698,0.07918282437661261,0.08796685222841545,0.0741735302787156,0.08947844919515523,0.07929209842052617,0.08766949562620671
2020-06-30,0.04886764651477742,0.07662770515204669,0.032203992864880716,0.02911977655350806,0.013727531298364428,0.05135066121349393,0.04221287256827412,0.05837792415520011,0.016185022127463533,0.04687256717182342,0.04213108799728583,0.06396491468372546,0.0910909718571254,0.08271773238858238,0.08877006637255791,0.08877006637255792,0.04275338107310478,0.07067353900843962,0.05316717126533047,0.044754509180758587,0.04679349210200622,0.05638252007942528,0.04886764513484335,0.06586144989045095,0.05234763246821795,0.07673106270262833,0.046793490880414124,0.048484483936938015,0.05171294785771806,0.05900416543803687,0.05234763563933265,0.06621855091992408,0.051661264410316814,0.05134591598571227
2020-07-31,0.006744389101979208,0.05223442189445209,-0.009237210704647652,0.005174127125967542,-0.0030106264638012866,0.006513525023066501,0.007562580615907634,0.024221586289298255,-0.039648861556375925,-0.02873356175309411,-0.02835301610854263,0.0338050228236666,-0.01330700831334748,-0.014259011397604548,0.08371532349939215,0.08371532349939215,-0.0010458254320883217,0.03414626004746413,0.012634661239318884,-0.0026151387424750558,0.03661771509138288,0.05334347483897888,0.006744379557280373,0.0703631597289226,0.004324110853074867,0.049739392422139136,0.03661772417949537,0.0643403184165919,0.03831161033557755,0.05371352133447528,0.004324095120670918,0.06687991138701828,0.038529190121823605,0.06375510721379801
2020-08-31,0.05494972229022484,0.06320359119153204,0.10389857352942189,0.10882522776578418,0.10789406755848462,0.14119110739641508,0.018537751472451434,0.023758597911577407,0.0744456886499596,0.08257777666371521,0.10709133032293025,0.048818820879581185,0.08814184568409018,0.09203356502031701,-0.036156752283036164,-0.036156752283036164,0.06501124943648202,0.08362753724453297,0.0870884998240079,0.09293371834434028,0.034214293310230064,0.0450333966135334,0.05494972692516753,0.05200221284461599,0.05951449243903327,0.0651279035643787,0.03421428848548129,0.04044767700620443,0.03930180331954161,0.04811814696731419,0.059514507959402455,0.05426492890494848,0.03923781523072522,0.043932235398099005
2020-09-30,0.0007298907823342247,-0.01770423194766977,0.020451632609521667,0.01379485391676072,-0.00922808967885243,-0.02976588769106918,0.019563859169398245,-0.005470496093501848,-0.00047462363506167726,0.0005442401521013847,0.04886867863891157,0.06642213344367753,-0.008887250232956683,-0.009143530010529699,-0.04858927946465086,-0.04858927946465086,0.019847254042690766,-0.00821408351417883,0.03108111473506347,0.028685265630981123,-0.010983420191328417,-0.023597986306438678,0.0007299100562158197,-0.013655770813488097,0.0013872416910228422,-0.018068529157117378,-0.010983420959911172,-0.02391431503683365,-0.01030717359793212,-0.021304739885893903,0.001387270091421137,-0.014002342047473602,-0.010327162794716366,-0.02163369955203931
2020-10-31,0.0015765701221175708,0.0032050970037723414,-0.00418121581415408,0.0033063215984168166,-0.0015744580071783097,-0.006741611162478046,0.036432106801211075,0.039598533084415695,-0.020134845607403307,-0.03649735964730011,0.013235663952766206,0.027795891930820518,0.03780259398858277,0.02876272849091466,-0.004283353943730695,-0.004283353943730695,0.017943740955892896,0.013733089465412362,0.018661949491507818,0.005511929736934541,0.00466700747748442,0.006353697931765741,0.0015765784581511708,0.039078177534431886,-0.0013509466554810872,-0.00034094409279377465,0.0046670070728531,0.027737390718301703,0.0018832096287318585,0.0017893237475222346,-0.001350933562647527,0.0334282571024663,0.0024850826270848285,0.021729529098184402
2020-11-30,0.07801784283964096,0.07759032284160937,0.04638834273949504,0.03340833774366336,0.04579210955373713,0.052034763941044816,0.07871390425280747,0.10229891550170765,0.0735779676282109,0.09252830019407503,0.018597035940218585,0.01473386553532795,0.054201097543754115,0.06263408015397887,0.15817334831946317,0.15817334831946317,0.04905997832510005,0.05541653585333843,0.03163717197321896,0.043119248743989806,0.024617360277475325,0.017924827119126976,0.0780178356899605,0.1044550628509249,0.07902726233438144,0.07934049791783017,0.02461735576890112,0.03437113230114279,0.02111972318133982,0.017093848158465458,0.07902724412700865,0.10673932089465038,0.021633101059029287,0.03330367449914541
2020-12-31,0.04801955640120907,0.055126402937492644,0.022225772130300615,0.017154654236385403,0.008587053190699748,0.018620883500343646,0.06245836079100739,0.04646760079966435,0.018538602408583404,0.014691043901299727,0.03310710914923796,0.054253786966192305,0.025091907296455638,0.03291103036793519,0.10047621954055064,0.10047621954055064,0.037834370055098515,0.0345804817739646,0.03468358469673405,0.030873089031817076,0.053010435422650874,0.05287612992037555,0.04801956334769258,0.1025738461917644,0.048580546013535765,0.05447693033020557,0.053010436049383235,0.082317157313546,0.05355542012479751,0.053040179964176766,0.048580551261862955,0.10130722725152154,0.05440080730941588,0.08134734661103478
2021-01-31,0.014799231229124115,0.020107001516110612,0.04199250470919155,0.04437944405414762,0.043419742638643115,0.05590250712273431,0.003909102015596609,-0.005199620295058747,0.04510897074660192,0.033929904953124854,0.04724729977743903,0.08091151251042371,0.03978347919873484,0.038864311337381885,-0.04318481489722603,-0.04318481489722603,0.04568740470452708,0.05128748566781545,0.0621491395310738,0.052095012792913224,0.004839866900815215,0.006259304141466582,0.014799226201786796,0.04100457455267568,0.017376862061327263,0.02390533588294342,0.004839864713679756,0.01676792796165687,0.010001049501700651,0.01034847075131989,0.017376865443312767,0.04508937174884178,0.010361015586641011,0.021389114238547276
2021-02-28,0.012195504513482294,0.003537712400875289,0.0406313370847661,0.03982404600219214,0.07079427534445726,0.050114801736164366,0.04358135674815688,0.03471277374285538,0.056565139541278286,0.05806002692692341,0.052215323061690994,0.06554849767247707,0.015930186010017996,0.04908673946735842,-0.04495297874865778,-0.04495297874865778,0.04313151600863912,0.04903744287959833,0.035206987556329755,0.03797320989587266,-0.014577842437131464,-0.020230846963824097,0.012195495490011928,0.04650545851514921,0.01965520296573713,0.010430717026849159,-0.014577851886901468,0.0038981312485005287,-0.0069677758435005175,-0.016200025500364697,0.019655198630011778,0.05495156310734558,-0.006271552854468791,0.008748542337767154
2021-03-31,0.05965830255872532,0.06084518354647186,0.0733635592855456,0.0738565210368114,0.08933425943349058,0.06397658924527026,0.11878022514523301,0.07977295894317632,0.07637709921737401,0.08572942539830454,0.056440779193605566,0.06629948314511139,0.051042278816211394,0.05598915233833912,0.06089592317627912,0.06089592317627912,0.07039841477902657,0.05772664177039811,0.05257944902406518,0.061861941044873116,0.05346014524824501,0.04935246516118696,0.05965829050448916,0.09490983210470924,0.05799967191759448,0.059711782053268395,0.05346014536299298,0.07080990416804764,0.04863420822369877,0.047088151570899635,0.057999650324148846,0.09350275292216119,0.04906174444379266,0.06758064720367804
2021-04-30,-0.03132892018175201,-0.005020090002355871,-0.042244969222224205,-0.0361459404995913,-0.03202741451086338,-0.028123845664064513,-0.07889872312375162,-0.05415592328852805,-0.03937653575551214,-0.03695076465817602,-0.07426116445955686,-0.02285960026792976,-0.03666078400910954,-0.03474983335725379,0.021246250260085198,0.0212462502600852,-0.06102369061815656,-0.024345059818693206,-0.05435029481800846,-0.05107768588639797,-0.023806372940829663,-0.018153284797516343,-0.03132893719928228,-0.01169685993619125,-0.03186380630505034,-0.005063997603676658,-0.023806368498972955,-0.02270072197568683,-0.023964911008217064,-0.01659427805476677,-0.03186383288581651,-0.011118277059588599,-0.02418402477606976,-0.02102992654180018
2021-05-31,0.024030580333691053,0.0007063378602717725,0.007482273176538761,-0.003953581762113133,-0.0055162487273892336,-0.019878979949493385,-0.01668470965898199,0.0059568976409652185,0.019618655033220467,0.023335973267811574,0.007835278994149854,-0.040970985812116084,-0.009053047881037906,0.014216866969796847,0.0598776082408663,0.059877608240866305,2.8791929607404698e-05,-0.022998663137774447,0.006523366853485679,0.01115858513960937,0.0419988458131259,0.03442805880344547,0.02403057961373652,-0.038364499899709165,0.02395238737918732,0.0017495907081197433,0.0419988471267733,0.011706010673123417,0.04204403821645166,0.03499345062250371,0.023952383247332246,-0.036476242755808505,0.0414009140280227,0.013283671555705381
2021-06-30,-0.03777933093651358,-0.00318418678976119,-0.05354588592742379,-0.04211787903126896,-0.030384334790831503,0.0022745984578641256,-0.04952204427176699,-0.04693651204603377,-0.06903911868360124,-0.0735497362408296,-0.06428645027976035,-0.03660995193231381,-0.06547426849979063,-0.06800485952692126,0.004618536565721643,0.004618536565721643,-0.05439307611675044,-0.01667217473536564,-0.05092304792610178,-0.056313010938782465,-0.05966225407734281,-0.04585590265157392,-0.03777933152907398,-0.016478726513774848,-0.03450317245295365,-0.0012799589265418854,-0.05966225485872074,-0.05444485790318005,-0.054533314198562124,-0.043230648501942505,-0.034503173401768956,-0.013606988573926723,-0.05476077802376388,-0.05121304145450493
2021-07-31,-0.00399327123410729,0.015662166516393596,0.032312576500891754,0.03460878663327582,0.03599555900477569,0.037196032847375486,0.0151673035953726,0.03143561812201106,0.028108900151628813,0.02891445763287474,0.01693836079824743,0.01935535287392919,0.01807105442800105,0.016999738650821605,-0.03858465678058465,-0.03858465678058465,0.002565186985811039,0.03374403918761238,-0.006385160312936243,0.010391762980876754,0.012044398125085726,0.02044791692307649,-0.0039932797871953555,0.030533063264080517,-0.0011147179370072377,0.016523610621242645,0.01204440074304425,0.03177368278039339,0.014734721637877481,0.023950678137342783,-0.0011147323183375143,0.032470484704355235,0.015008990012739188,0.0349962196999021
2021-08-31,0.010591106849841405,0.03719647479349591,0.03749360619908875,0.042355657084137244,0.0439387460793268,0.05356105472972336,0.08059024001487312,0.12875599793066736,0.027020196859166123,0.03369320450384613,0.04350631859898493,0.04165343408749509,0.039618224771219804,0.026113611451133115,-0.025873100192171372,-0.025873100192171376,0.046719691228898505,0.08373174937486308,0.034043869942735276,0.033829540477947444,0.008009424529980016,0.022059702436648166,0.010591105124130338,0.04022438475151242,0.008509258793386786,0.033439711535960856,0.008009425214841222,0.024043777272558423,0.004811797597130521,0.017799874523465844,0.008509255508054439,0.03563125871142299,0.004960105604267125,0.018869587488332035
2021-09-30,-0.005971702324606723,-0.03344564554555029,0.005355778343653,0.0004896842191148835,0.01439692284817188,0.008490118075656188,-0.03203771439885119,-0.03655600646998609,0.020595644748660824,0.003867354909562973,0.03525428232285951,0.013219713193194385,0.005233022702167976,0.0003136841330053658,-0.06653229177297415,-0.06653229177297415,0.0036707426277578716,-0.010060320810194952,0.007753102595050018,0.008448103728825788,-0.01129778657689161,-0.018101646673151867,-0.00597168538055273,-0.03315340830272571,0.00028678861131524924,-0.026703423245349744,-0.011297791705869047,-0.01834295562639745,-0.0022146786696725226,-0.012455221658217655,0.000286815916258724,-0.024504206148356432,-0.00215334961009815,-0.01113215656431812
2021-10-31,0.012717839002238968,0.042834301603913404,0.08632999742236049,0.09883158340351872,0.12022625116852532,0.12848643262579984,0.018840200730748706,0.02778800655723075,0.08882042217731434,0.09420251465228584,0.037885316753753354,0.05017171126369003,0.10136713320146658,0.11148092159136613,-0.06394964499206435,-0.06394964499206436,0.05201911072971632,0.08643752497332097,0.0631845632162545,0.0691333247594538,0.021862384128026716,0.03755730718561384,0.012717802635235418,0.07890071146536046,0.01356285454987408,0.046463023968616624,0.021862385710594456,0.061415536830511014,0.024203139608741108,0.039924612764487284,0.013562811890202408,0.08288231791206216,0.024759477734571204,0.06373276949183064
2021-11-30,-0.03234953519267398,-0.0043521918060689625,-0.04355328654634539,-0.030724162183504714,-0.021222622976002952,0.001410435882070982,-0.040301046047930666,-0.08317803618768044,-0.05614220991831187,-0.0631838621418657,-0.03768817982042039,0.006547990223797768,-0.08452943786641494,-0.08282392247398884,-0.013342714957692792,-0.013342714957692793,-0.0468880960884508,-0.021153628778888107,-0.04842820728232405,-0.05091868150238954,-0.02345868745794796,-0.013108505745553438,-0.0323495330620821,-0.00939549308329089,-0.03679834659470162,-0.009603861018873871,-0.023458686568606297,-0.016407891556915716,-0.03023533454618802,-0.019995251005794794,-0.036798349619852656,-0.015430559179453608,-0.030443717408851684,-0.024302302544839328
2021-12-31,0.024600472324598496,0.02378746140275718,0.035647762534956724,0.03322123985406744,0.038430305656114314,0.008783441923175806,0.046957970900813224,0.07765004220199297,0.05669888902933251,0.05314204895910159,0.016659709598356325,0.04444464521199997,0.036346983432333516,0.046090007752840334,0.024911078959308774,0.024911078959308778,0.033079398113456324,0.035848822266302705,0.02299764787013726,0.029648417357252058,0.028839019434485143,0.023297311371676163,0.02460045907462769,0.00126452187323788,0.026717500045046912,0.027261201437449565,0.028839023139268324,0.007994436019100132,0.032049004933565384,0.02896353825560108,0.026717479912617265,0.006812199666048662,0.03156862928262135,0.014966676987098155
2022-01-31,-0.007396758249740625,-0.040469915063401016,-0.07737478299545787,-0.08104691311815948,-0.05798313578759426,-0.08119518217905637,-0.005614661355434043,-0.03855832255006811,-0.015482044787417326,-0.04095777233749537,-0.05353661039027041,-0.06563017510401824,-0.12511208157076775,-0.1144275597145914,0.0712301596011764,0.0712301596011764,-0.026470370678298872,-0.07144957635252178,-0.05533174172959029,-0.06402024096509736,-0.008073937546979576,-0.0252873550431828,-0.0073967654116127894,-0.04746132598386374,-0.00442371897932772,-0.035033357700801154,-0.008073940338397412,-0.030773372629446006,-0.004439421324586591,-0.022059100053116423,-0.004423729420687162,-0.040587308876222604,-0.00457178429793183,-0.026048824311929807
2022-02-28,-0.03564916857496691,-0.04001497476702662,-0.06514053115024078,-0.06733556174004252,-0.05377213027555381,-0.06406735729407236,-0.019360931428652254,-0.004959556236929338,-0.04924756005237163,-0.08280172829679866,-0.06588780657435013,-0.05285238372502375,0.011160029500879328,0.013077631275248303,0.00852007909190555,0.008520079091905549,-0.05181365974641847,-0.04668111898641692,-0.0706604483560073,-0.06734121153814235,-0.008131168558632284,-0.007827901511026558,-0.03564916598425319,-0.024053935016655516,-0.03257630964396249,-0.03743843165047085,-0.008131167592968927,0.0030453530614441516,-0.0025793899323690054,-0.0054952295997443765,-0.03257630919418277,-0.020697795095015868,-0.00225947098210239,0.005634572845624345
2022-03-31,-0.029361863712802975,-0.00768458757448345,-0.06406445333159615,-0.05758654326324841,-0.03408342189756953,-0.025813790647519333,0.019498271674734995,0.016542234398856364,-0.07139139439245679,-0.07918369833012386,-0.08629224656581655,-0.10783075728394662,-0.008461910458777165,0.015953810642243434,0.06152430536605635,0.06152430536605636,-0.0594631822372483,-0.03934813565124594,-0.08880334611964182,-0.07991748959893566,-0.02386419841873104,-0.012072287840589887,-0.029361870129698348,-0.014038044386025267,-0.025651240491119633,-0.006987681666131512,-0.023864199047917797,-0.012710148762009455,-0.02017560659169758,-0.012003214437233425,-0.025651256082515624,-0.012445843942596724,-0.020233487206003178,-0.012583235870314418
2022-04-30,-0.06010824270682197,-0.09691742028548886,-0.04093972851734311,-0.04827765302649123,-0.04608964051399778,-0.08676259982840985,-0.08047555457936224,-0.07688464636736932,-0.005994128683748823,-0.026184375111382573,-0.031311572415074755,-0.056082269771148795,-0.04401412743592545,-0.03721978943937965,-0.10553630717368345,-0.10553630717368345,-0.03699560872626151,-0.07867084147312582,-0.029897846574370227,-0.03223139208427643,-0.03992650013665393,-0.05543010623394067,-0.060108254557167805,-0.09867423941532268,-0.05739938629128556,-0.09055562379654178,-0.039926498655455375,-0.057245094998485964,-0.034179172046496016,-0.04837103458535779,-0.05739939604765004,-0.0908873037761867,-0.034256435901024125,-0.04862301077243448
2022-05-31,0.0026076044022075636,-0.01708482217462562,-0.026819962894208363,-0.03324532586209017,-0.015618359845645231,-0.02703178252722977,0.05758723384111393,-0.006553324334012186,-0.011623632917460602,-0.00024071696067809058,-0.026641955135352804,-0.018414478189233568,-0.044145250893943125,-0.033631404927000674,0.0365570476162016,0.0365570476162016,-0.0018076426882061446,-0.035277930466737835,-0.027493128758896423,-0.02482758704956927,-0.016181762044368293,-0.026888010711025315,0.002607607069019694,-0.028984806868593407,0.00559684934018904,-0.013669998109768225,-0.01618176733352681,-0.035843323120609956,-0.01348912619312175,-0.02561246588065238,0.005596853734317422,-0.024466018188628414,-0.01374453636248655,-0.03344003332861403
2022-06-30,-0.022428693625001977,-0.05518832091628558,-0.004629984293532271,0.0017862276529436723,-0.012225840369062678,-0.020480085400620903,-0.057735147863767065,-0.0712010418622135,0.002346507352975591,-0.01316674998149303,0.035788687742234655,-0.026902540220096867,-0.01898149616884227,-0.03329347351235867,-0.11364060711415769,-0.1136406071141577,-0.00299892417027962,-0.04411338981939606,0.012968863791049546,0.0026000322139829064,-0.007522766179850158,-0.01595618951600841,-0.02242869442318366,-0.08585631376237089,-0.020187532438096192,-0.051722844968626225,-0.007522766086479943,-0.03485586239103729,-0.0009936893042420338,-0.009423335865948117,-0.020187516208190915,-0.08252049203655061,-0.0014778629873855693,-0.026949386616479498
2022-07-31,0.038655016649173944,0.08166468275836519,0.061231614012059926,0.07105974340325383,0.093056907702962,0.12151476781683376,0.05536089153432149,0.07460821253870911,0.0320674288665439,0.040948379986576,0.035047135526536745,0.02725603064871533,0.07501306464319814,0.07200297452871274,0.04526319001850321,0.04526319001850321,0.030851150373029056,0.09412153294994118,0.022346332630362366,0.03644334974728099,0.019736857527355038,0.042031538703406486,0.03865501828302808,0.079452623267855,0.037295839200925544,0.07734774684332249,0.01973685528513949,0.04342982906539818,0.01426764126619538,0.03443910584241147,0.03729583025488361,0.07512748147424529,0.014260989379282371,0.034730402803732026
2022-08-31,-0.011670547555004926,-0.0053157295049015086,-0.062822932632527,-0.05486204980830489,-0.0434153144276808,-0.05075415051484499,-0.010230995172417842,0.010062884139563308,-0.07567624431210485,-0.07972605648642697,-0.043666991841490505,-0.03736679063927923,-0.045850908637841,-0.04780277001813782,0.0657603079417155,0.0657603079417155,-0.03590354696442044,-0.021324127683611464,-0.04268671781061074,-0.054777987158542214,-0.010935474882020615,-0.0074926824437306135,-0.011670538568719841,-0.0173672309062158,-0.012547279980065969,-0.008457871943857134,-0.010935476763675534,-0.01579331601428251,-0.011713122734662273,-0.012684757077355094,-0.012547270682078083,-0.02136087845830547,-0.01192815240211956,-0.021336186078155774
2022-09-30,-0.02775665857594043,-0.0359430619435838,-0.048137768712391144,-0.045423459865513216,-0.044272216162822085,-0.05587860202416939,-0.006091054993715357,0.017862005110996428,-0.044840457867563854,-0.04108320334394255,-0.04342786524136638,-0.08407122010673686,-0.06066071438308242,-0.05656161336984966,0.005952917344022034,0.005952917344022034,-0.042584887157827815,-0.04958942533770466,-0.05924655172343625,-0.05518501155129278,-0.004632065639095207,-0.003751995595475894,-0.02775665466070651,-0.032568740370573446,-0.028112604476864644,-0.03722728539364281,-0.004632063736616955,0.001217401613861178,-0.004969129206156683,-0.005288896051343362,-0.028112604464701166,-0.03419319059185365,-0.004846461455309897,-0.0007992595562750093
2022-10-31,0.013441296618889416,0.02310969895092817,0.04078651532527866,0.04224640087581166,0.08112124372904501,0.050481391312445965,0.06891146078600406,0.0737191687075994,0.04846869981762314,0.07093002978221491,-0.03628132786002727,-0.04093711214766084,0.03585618189866227,0.034987811059796536,0.053447327544042356,0.05344732754404236,0.01590554176418247,0.02125540490316973,-0.0036126296377746083,0.01606732658936067,0.010076347664702303,0.01535283984719737,0.013441276322388647,0.017640567316862536,0.011427597077604669,0.02480469224617651,0.010076350069195212,0.014772626333878467,0.0055260348012138175,0.01189992497763178,0.011427553190523219,0.021073018719055193,0.005255892934313616,0.011710309843590914
2022-11-30,0.0736956646019803,0.046008644959210414,0.10243492491466055,0.07920508684908323,0.04600184175164167,0.04492845851379338,0.07347597802964927,0.061997138524591815,0.12014876620307535,0.1429317311668259,0.14271492094639357,0.1933494683973904,0.13144987502191313,0.13895110975321723,-0.03183236421089509,-0.03183236421089509,0.11712028681260987,0.09304818183561936,0.13348242516848935,0.1278744866588229,0.0551523962994806,0.035636470808614325,0.07369566707217044,0.033046656636538406,0.06846362220516596,0.04332591505688523,0.055152393282369976,0.020310342455703147,0.048089907564616084,0.03347400287699507,0.06846364067280321,0.028777591374330412,0.047859931599003834,0.01830160435071028
2022-12-31,-0.012480127257254843,-0.053345105629028014,-0.029650101039934006,-0.04313094290316988,-0.051159787010863315,-0.07820711437755193,-0.01285682320363043,0.0052067632420214555,-0.009800772960088855,-0.01845828034157392,-0.006380583939337297,-0.05542800925410209,-0.027565460208622484,-0.04094813003271969,-0.024221816526625806,-0.02422181652662581,-0.01152468548194346,-0.046289339645763886,-0.020567664598020768,-0.01975369414065434,-0.000450016006937509,-0.015031421484923627,-0.012480122435765607,-0.05031490100827461,-0.010367486659868985,-0.052106498331175824,-0.0004500185797800771,-0.01283338995777648,0.0021744208026034276,-0.01326314912187655,-0.010367473862717188,-0.04953008950878729,0.0023676084463383966,-0.01081880739326467
2023-01-31,0.03587348540785022,0.0656590412819468,0.04869931464029781,0.04052494425889219,0.024386975071820638,0.059376151690007095,0.09988840074113095,0.13193704504689333,0.028183545139710997,0.0597518906404945,0.023471377886185522,0.07215814307246374,0.06941327503197028,0.08239737934680291,0.03671542710424758,0.03671542710424758,0.0570565024724297,0.08832488924801118,0.05471952216096773,0.054979555827917366,0.030226595049360597,0.04340860015103324,0.03587348972693416,0.09383657350437445,0.0313976930837009,0.06090486224253952,0.030226597045708327,0.0601331823170493,0.025194236212966445,0.038372773611665044,0.03139769784630137,0.08708822378511447,0.02580292054655205,0.05347278713108029
2023-02-28,-0.04605951282029407,-0.02373759195541273,-0.01804425606964297,-0.01717691765430107,-0.014820561375360341,0.002752988082892999,-0.0017074827382505449,9.987507555768067e-05,0.0075274337666699775,0.0037556837270887934,-0.03775905212131074,-0.013461547514292313,-0.05868281213273325,-0.06438759116612269,-0.07911503188036795,-0.07911503188036795,-0.021166323463826343,-0.001510034677801492,-0.039216960922080234,-0.029894983083130548,-0.04511685944937681,-0.037725491082148295,-0.04605952817607482,-0.025032943608876278,-0.04781825093087023,-0.023472699632502335,-0.04511685517352823,-0.03816376268892624,-0.04793893512607212,-0.036484977947623135,-0.04781827522935655,-0.023971850997936556,-0.04794759079914891,-0.03689699612904005
2023-03-31,-0.0047593671159450865,0.023076113348171137,0.008352822608342561,0.01206185169668017,0.01102814665458041,0.058267865165905604,0.0029015886371027227,-0.010853642833523167,-0.021184972997243534,0.005094893222748461,0.010290377196814374,0.01859480071233646,-0.012880855494987345,-0.018009649966486796,-0.02629761366270289,-0.02629761366270289,-0.0009031127853548412,0.027685016327698125,0.007610398183463174,0.0065866929373229,0.010703858564094627,0.02925632807598736,-0.0047593561688673534,0.0379345255009215,-0.004181401040668823,0.021504545047116717,0.01070385844121174,0.040426573255814634,0.013008769134042314,0.027809819915412926,-0.004181384578916408,0.03565259462494165,0.013377790837777357,0.038194823922666016
2023-04-30,0.004059870558386497,-0.008430710869699312,-0.0017823714521896924,-0.007547955779417137,-0.005770131052651161,-0.014542449614996428,-0.01676040166561774,-0.01590149649406682,0.027707084802927495,0.017522543000838862,-0.013462317537787134,-0.046311514728131886,-0.01697985651100955,-0.014356862461594622,0.02446952700154248,0.02446952700154248,-0.008181617417693061,-0.02699627721286715,-0.014641271462595069,-0.006669520552961761,0.004025370067091602,-0.002969907285628892,0.00405985890776683,-0.00800521605184997,0.0016263022304789851,-0.008273512453648395,0.004025372532598519,-0.001007370813064376,-0.0008148360083967148,-0.0033316826376982574,0.0016262806045949842,-0.007659715907234976,-0.000821538929477121,-0.001441945247925816
2023-05-31,0.0035143517554673195,0.0649853797334036,-0.01385766899937171,0.0011763549055108227,0.002661093858014489,0.06398282531582188,0.0028807416707074093,0.011069334475154912,-0.048757737679316016,-0.043204260266554204,-0.0009715657373367886,0.05500739598771814,-0.0407047353048358,-0.04375354007605137,0.03904851092595064,0.03904851092595064,-0.01590850881967143,0.05753451433864434,-0.01608323691870108,-0.020589537768517595,0.005104692640347474,0.03195480674195312,0.0035143690646446332,0.047761571585964904,0.0027824906279070964,0.05947565782049114,0.00510469397871126,0.02170143180082287,0.0038062978949553617,0.02749033363939295,0.0027825058756888238,0.04220813077442933,0.0035655779064916824,0.016287690539358263
2023-06-30,0.03846602045966014,0.04701196805767171,0.01295593904227714,0.02019195012795305,0.02744387387528485,0.026096187205638076,0.03264737028821521,0.06550741489251974,-0.0030002551354876283,0.012865739738157342,0.006554464408434733,-0.011829517466584883,0.0092285537286096,0.013002676848479666,0.08899277143223916,0.08899277143223916,0.01404274938852599,0.03472054447165608,0.008154419202596762,0.007684002258034654,0.013086586032390204,0.01726679914161669,0.03846602530623427,0.0471226407000424,0.03874294307964978,0.04514429978429896,0.013086583903493716,0.01805750694345922,0.012175643440865153,0.014578013813013194,0.03874294635145208,0.044604076283989526,0.012209382547215594,0.014841880355940461
2023-07-31,0.01514459133019729,0.014492618718606826,0.005276975197233387,0.007733261444436312,0.010278884660685432,0.016090828206687117,0.020333263028402916,0.008314125811134951,0.0013193018066617324,-0.0019680276402700083,-0.001240356689507122,-0.00816576791880479,0.0032748344887960704,0.007694490014978683,0.03310851221792399,0.03310851221792399,0.01575356161516005,0.003946072134944272,0.01936049623972595,0.012046136580251821,0.010559951810640202,0.012035311627785115,0.015144589781744905,0.006313918913594588,0.018457320460344078,0.018594243211773012,0.010559951910457083,0.006940722666454823,0.017645628222795928,0.017137486784707168,0.01845732367397347,0.011042039042222505,0.01752588950028179,0.013068672065956235
2023-08-31,-0.023614866185216882,-0.007149406908653525,-0.0010942627606310837,0.004860622189372998,0.022530272440534432,0.024529705293507457,-0.0255549178283238,0.009337918461946905,-0.005449206261649908,-0.012441399376510334,-0.011676951453140285,-0.010048387581644969,-0.03019121234493513,-0.015995760609222812,-0.04781686761826143,-0.047816867618261434,-0.01765393979184673,0.01920386577302888,-0.018736339840398047,-0.01288979999542633,-0.010313785075613164,0.0014830810190389768,-0.02361486856490028,-0.022332251903483934,-0.020639255223700945,-0.004945954346743407,-0.010313784462135009,-0.006772231351966385,-0.0052647006756657965,0.003342144217211501,-0.020639259408289413,-0.018722134511460285,-0.005498618324913935,-0.004158309734117642
2023-09-30,0.002307476218653535,-0.01313124489135517,-0.011701461277490879,-0.014522661915821078,-0.009742473042836472,-0.011046366893544603,-0.04312618128948559,-0.06745313190074333,0.017957070549686538,-0.005380151560367562,0.002749084926464584,0.006077899454736203,0.0002164006346451419,-0.002908881037480548,0.007479333857583813,0.0074793338575838125,-0.008620181675048518,-0.02884040245304673,-0.00468104673088936,-0.006841814696182843,-0.0035845084936429648,-0.013061935600159301,0.002307476444921126,0.0021577967269776244,0.004833732101718378,-0.00789993579031246,-0.003584508163060903,-0.004251916092886251,0.00062862728376549,-0.007160452554036906,0.00483373261907872,0.008634358673236853,0.0008468595207148917,0.0025204745790650277
2023-10-31,-0.026082191487982548,-0.02606677879631301,-0.027534228832279007,-0.022865820709082163,-0.02378665901767962,-0.02368796197121172,-0.06394143294048472,-0.06343115321282809,-0.03348293615505771,-0.025410016851009586,-0.019459687101443884,-0.02031367289717091,-0.04050274122078655,-0.03324925755038888,-0.031197514199675206,-0.031197514199675206,-0.039631631101648586,-0.03209531266961676,-0.031778890764857036,-0.03156017762525125,0.007691337323501853,0.011120822129396532,-0.02608218825787462,0.009285493044175915,-0.02674827714618688,-0.027394250820340915,0.007691339323442019,0.034995655848139656,0.008095151172390866,0.010035462682407091,-0.026748273248793798,0.006974638271034035,0.008706821491890775,0.032829306889837144
2023-11-30,0.06254644087933833,0.10871990209143323,0.05779668543979569,0.05822758335332057,0.048202469041210984,0.05995908925369648,0.1236440199101387,0.19219679154619243,0.032082796009548886,0.05689370747840762,0.02202186648870212,0.07579228053999396,0.06194139601857813,0.05198854370167738,0.12725776864366245,0.12725776864366245,0.06373620883909131,0.11832500663287934,0.053295741644854636,0.05518692251902091,0.05091328080622457,0.0663346675868245,0.06254643920791758,0.09855161829905572,0.05522256748137877,0.09994297224208935,0.050913285878309504,0.05915257022069071,0.0400310350109276,0.05721607978410843,0.05522255277532524,0.08824766170743363,0.03986381562487226,0.04830871756544461
2023-12-31,0.039342868847469105,0.047427831989881625,0.04085589256556252,0.03660868187286237,0.02839898118227285,0.03597989771519638,0.05721026369357676,0.04267203769667912,0.032220217733541334,0.034485778719687235,0.03863519732653512,0.04684718043806139,0.08168898103949415,0.0940447814795704,0.05519138716247718,0.055191387162477186,0.03609150383052574,0.03634906437541062,0.03438590788979999,0.038891177879421916,0.029448904242686195,0.028776154879288484,0.039342869076067696,0.05533652576879641,0.03687283248264097,0.04362890023530233,0.02944890309985702,0.033538884672212464,0.022836766364459884,0.0243959627196547,0.03687282749060385,0.050950782113226636,0.022944474420158553,0.028156072722946682
2024-01-31,-0.011366927233006878,0.0011329966951022655,0.015757937511403086,0.023446485789804017,0.03410329532556627,0.03558690589386854,-0.024494127844754677,0.011003155037622923,0.0014917158055607338,0.011841693773885128,0.011479469846879408,0.0034806368419139444,-0.015984047021497125,-0.009553035020603342,-0.049390309621533124,-0.049390309621533124,-0.01075142969183283,0.025053967583552585,-0.009091039278143104,-0.000599537639078592,-0.011447376884754844,-0.0015415226574148758,-0.011366918091543943,-0.00428289890982683,-0.006693905264454772,0.004070913387658293,-0.011447376698583657,-0.0033440218239922546,-0.004564662923301128,0.0025345087784213885,-0.006693895094282145,0.00027960562233012953,-0.004622121853783966,0.0013663625455157444
2024-02-29,0.03015261680541572,0.0317306824470371,0.03886658244701534,0.04866469592027722,0.053265045531668026,0.05338192676552696,0.0007467552069743782,-0.02382653124417638,0.013335437362984592,0.039248226147154154,0.04316090238737888,0.042531932924073285,0.005718782721657391,0.016178786992061323,0.010488124919443509,0.010488124919443509,0.02357435158433414,0.027913551188074582,0.037754092476579904,0.03466331529231274,0.017661859181250936,0.019229667776988757,0.030152622511249966,0.07730686071298909,0.03234495278353655,0.03256632523512236,0.017661856049559593,0.047867717369243945,0.020708729109297136,0.020038766197249595,0.03234496483611182,0.07726581019198099,0.021436250667042706,0.04785045656035491
2024-03-31,0.01364034191017933,0.01842846353760538,0.03961082352324503,0.03741166423277753,0.04689690218204778,0.03150900366153911,0.048635081009192005,0.0684328579164804,0.04941685651860972,0.0461295258169654,0.01352475868231804,0.05166488563620922,0.029376593366777757,0.035709991912849626,-0.007345294762038378,-0.007345294762038377,0.039027160925623916,0.0486821531860087,0.034597882935158815,0.03768779755020458,0.03928175675469223,0.04323483107576418,0.013640334461969269,0.035296493143608394,0.012215306364384395,0.020156263340435306,0.03928176130759048,0.053409391534055176,0.04048724715262754,0.043891252872673286,0.012215294197514387,0.03740501686984983,0.04072854674944784,0.054204433775276124
2024-04-30,-0.0018061901355711975,-0.009112274880134939,-0.010209905952608296,-0.011015793265758633,-0.01184109174727062,-0.014109985122998431,0.007837830443950113,0.0386625435414968,0.04007617020625798,0.011775851655931818,0.0055105104541315125,-0.012258795964844324,-0.021051185109961092,-0.02949777281641852,-0.015684103184414603,-0.015684103184414603,0.023495192058991407,0.012248868477742534,0.011452452026254431,0.0018849625298195327,0.01809919616056927,0.015890970030908048,-0.0018062094094287466,-0.024410560026345573,-0.004707213597750121,-0.00878040908475853,0.018099199877448496,0.006055848829115054,0.01595678097821311,0.01625325297963673,-0.004707235316332922,-0.024375351162667754,0.01578926789162727,0.006873723093436741
2024-05-31,0.023398845482427964,0.04352400962515774,0.06364237264649734,0.06314590062125292,0.060923254390564716,0.06913442855070218,0.046183728523201156,0.06732155710190627,0.06409303906671804,0.06484693264359931,0.04847086423537559,0.07577538825144832,0.07274878836881368,0.07369105582619473,-0.03039707202808173,-0.030397072028081732,0.04983527857189891,0.08378631568556628,0.04714177655798163,0.05483715150718352,0.01953797750676918,0.026894915542606545,0.023398833276736232,0.04776921401566528,0.019353781425918943,0.04031358969115719,0.019537978999676183,0.028474757102190152,0.013486002792733293,0.0231329283306392,0.019353766051237332,0.043722959089179524,0.013559350692950098,0.023972677517785316
2024-06-30,0.03261447444896784,0.07820484009336164,0.057297088827079595,0.07890854074948761,0.08788014901398601,0.11309912349940013,-0.041675564360674995,-0.04660083136609788,0.03506645027290323,0.027734797750452917,0.054249727671171644,0.12074707465838529,0.05915545329300425,0.06814915302449576,0.01449514190313339,0.01449514190313339,0.03372601006986305,0.08625250860083734,0.06722058688764401,0.054767675173579555,0.03865025310585844,0.05588661091511944,0.03261446991992643,0.06824076731684452,0.03608229417998651,0.08085988611567554,0.038650255548448746,0.04850906585539066,0.04555166240182952,0.060650567633649594,0.036082288852059885,0.07272011292239587,0.045238544578499004,0.05408378873773997
2024-07-31,0.04066608241079533,0.013790733611097339,0.04414281336472748,0.03580821075882512,0.03384958361145078,0.0090967971971357,0.02237916254906955,0.024011880393440994,0.06046694312245071,0.0425358438978171,0.042116104604494435,0.013156159880664436,0.04333944715007566,0.04474354194884533,0.030403752663364036,0.030403752663364036,0.03810417801809336,0.010499409235424653,0.037450794479076864,0.04355782342250666,0.051276011757737806,0.04103299136237201,0.04066608479074615,0.018130553449539406,0.037639111686132015,0.013026579482819335,0.051276013689045635,0.044890973607573485,0.04682897350759415,0.039211555100988366,0.03763911019051452,0.017041141594809937,0.04687997463990594,0.0428109550560196
2024-08-31,0.04485057103464592,0.041587687483399215,0.03027995544014846,0.02800382291583836,0.020653486055077986,0.009188868408583092,-0.000842474754001983,0.051392559036010976,0.03808682410433728,0.04281062481817603,0.027769103228341682,0.015769522440037247,0.0456636445947672,0.037031660916931,0.06901003809100059,0.06901003809100059,0.021976614993790312,0.041659177558376045,0.020722410762712588,0.025909847661675835,0.042004164819171165,0.03890056313343773,0.04485056792197444,0.025882264316571046,0.041984031172534894,0.037723507004357885,0.042004165319588456,0.029205698335209914,0.03615624997128822,0.03490441932578449,0.04198402355073594,0.02128193948058713,0.03593066528230308,0.02468090250800185
2024-09-30,-0.011795430690652321,-0.021081811741650143,-0.019328519275115575,-0.013350977420632406,-0.020698745791414057,-0.01752956900314992,-0.017888249495167156,-0.018940033462978286,-0.037648086403116454,-0.02846951768311029,0.003912138467732801,-0.03479103739284176,-0.0012109225298546657,0.011714197167647987,-0.031448063618330524,-0.031448063618330524,-0.009342695576132237,-0.0211728818965192,0.0003368915667680826,-0.010811838099932412,-0.00917368918549188,-0.008914008333599798,-0.011795432620439656,-0.015270132536843275,-0.013205507768995229,-0.02373379234872642,-0.009173692025296356,-0.005259576507329644,-0.009691563563905692,-0.011762202160596869,-0.013205497513261971,-0.02042039416190195,-0.009530874574090893,-0.008830574293118459
2024-10-31,0.004379461242912127,0.03696776245854131,0.020542080026118858,0.03839366098145569,0.05357590833298176,0.05424713583674724,0.030480474555371697,0.09057511744172553,0.00784099751412981,0.004305763610885994,0.013346272890216592,0.0551225605901797,-0.001832285578787503,-0.00828103872013708,-0.016896291079209758,-0.016896291079209758,0.02367541333142144,0.0831270482796162,0.01863292598157616,0.012948105302731544,0.03696783614476085,0.05600832989668203,0.004379454226919987,0.04646042833404021,0.009077109380648278,0.03868625723368627,0.036967836900174605,0.062028996202441386,0.04622760575712241,0.05841407112867219,0.009077105073337925,0.04882487844350776,0.04645246070948896,0.0646491919085071
2024-11-30,0.02543660200146942,0.04859051993818158,0.06475621494863283,0.0857483982092273,0.10843500164959964,0.10344773487304373,0.0421533000404441,0.10457935268384635,0.05100247045869977,0.02914786467107862,0.047009450852346125,0.03267850024701131,0.0853900567722053,0.08812678910244753,-0.03120546788170586,-0.031205467881705865,0.04230410321265231,0.10260397417408136,0.03102346373317505,0.038675600018324256,0.013214536653506909,0.029496350225675146,0.02543659598438738,0.07603068054946988,0.02544702326085844,0.04661196289162566,0.013214533591723887,0.04836358249305609,0.011631526198349423,0.024449041894573337,0.025447014552763502,0.07326698562485934,0.012148733113415917,0.042196334867517185
2024-12-31,-0.01356255186731029,0.006156798283068893,-0.004858245436059182,-3.694038945067956e-05,-0.0070146107213056265,0.01626311274998728,0.004064502564414429,0.011419841230617503,-0.006899945666881457,0.00790517524852704,0.004542617149923855,0.02697302003856497,-0.05076236373398682,-0.0569837458961564,-0.04128517874719628,-0.04128517874719629,0.00345085765519423,0.024859935000782648,0.0017026870333898443,-0.003054768901872302,-0.010084598787095264,-0.0011517704264742416,-0.013562550989572684,0.002088660010765425,-0.009549389604357621,0.008920473636070838,-0.010084596914925486,-0.004281673378740616,-0.002287312213674329,0.005381108851305741,-0.009549382184438,0.005693019915552295,-0.0022649027947507987,0.002897266751809519
2025-01-31,0.00073856184122867,-0.0037062947548938364,-0.012442618211976052,-0.019248560136273518,-0.024035024235982055,-0.02832490878541143,0.011400183420994319,0.00036410436697575764,-0.001145382343353818,0.014604960231823255,-0.04886647890362016,-0.04997331466234385,-0.02961085234105796,-0.01922092525184438,0.04886163145696987,0.048861631456969874,-0.013420886398790733,-0.030175816695274083,-0.023402466455895943,-0.015913436056430523,0.014987185308790927,0.013226587007549358,0.0007385550210124088,0.002133665085064111,-0.003074523233870392,-0.004238783172769472,0.01498719152987099,0.018642710648685355,0.01165930509061309,0.01294169858370424,-0.003074538595663349,0.0010858138137618335,0.011747060392335456,0.018015352254731044
2025-02-28,0.0023725520518988277,-0.028777499930230373,0.005089826106149856,-0.008995556208504452,-0.012074700545663614,-0.023034981906949203,0.022300981356463807,-0.009018832268203247,0.0338717255460943,0.03236177754382455,0.0016254381203492146,-0.015298986608606794,-0.04078085023346127,-0.031083754071768114,-0.02430892572170351,-0.024308925721703515,0.016145015839102043,-0.028481669284847504,0.008233890378492507,0.011973690729390004,0.0016419733706629842,-0.011836874960762835,0.0023725444902598105,-0.04236643433878492,-0.002152930231826305,-0.02912582358092581,0.001641973451497094,-0.021182375319004163,-0.004239241199540461,-0.013974998819377391,-0.0021529365206547513,-0.04352535446422298,-0.00448622121239983,-0.02300105449801971
2025-03-31,0.010596056085745898,-0.03154407567571693,-0.030084164615783872,-0.05009187840582818,-0.05719488896335266,-0.07205412260177572,0.003438265686113938,-0.016983286410491533,-0.002406937080980498,-0.003684895479948721,-0.008376747692406695,-0.06453884979971171,-0.031690323651007796,-0.03646363607088632,0.060744944469312,0.06074494446931201,-0.0038941461275674013,-0.06739511583447905,-0.008177378468207586,-0.010806324942674712,0.04141287869523902,0.026921314681557423,0.010596064586025222,-0.02574071431495367,0.009588486314381542,-0.029856700935465646,0.04141288137077935,0.03243726022838957,0.04204330712108738,0.028239481472947928,0.00958849490474525,-0.02432374262492668,0.042229218931179265,0.033993645760414914
2025-04-30,0.008291081465527877,0.006137887630280619,-5.2146012806560566e-05,-0.018952172709122528,-0.04890890351775461,-0.032987226253694595,0.05647658538022023,0.054386650814005164,-0.007573480527340304,0.0010147827305374217,0.0024615795892026864,-0.01534037059957835,0.015517034925426687,0.02723221954010091,0.03401415339553604,0.03401415339553605,0.005037178234069103,-0.01295605199125631,-0.005597801523515784,0.0038662948135287107,0.01761166105715351,0.01603135288634794,0.00829109564857257,0.016802133612326096,0.0010497968652622073,-0.001723135771745226,0.01761166495999574,0.02442498264063459,0.0057981275015545385,0.008714719230826626,0.0010498052579575106,0.006904483874983485,0.006090094468535158,0.015054474823067186
2025-05-31,0.043538323146986184,0.07074145810690557,0.062245560489792386,0.0654097534397835,0.06482342771295445,0.0884385693164652,0.046995427106486964,0.0571745124314544,0.05617728682973988,0.05852348312231161,0.05924624463097469,0.09807797191911911,0.053259872579374916,0.05460566262905697,0.01792904750290503,0.01792904750290503,0.05346776473832418,0.08961828367128649,0.05690226188930727,0.05817347307383762,0.027816067082948145,0.03559017139172903,0.043538317085044874,0.07404530748320974,0.04571334597833997,0.07061606534860707,0.027816064846261073,0.03623592292290621,0.02879661196238037,0.03671299162970725,0.04571334058986426,0.07444263402764814,0.02887142840498473,0.03727628999321861
2025-06-30,0.00476124867025694,0.02050016812994256,0.005934086968719942,0.013524622980378265,0.016398233042405064,0.02656804646017845,-0.020835267457187567,-0.050046255957332836,-0.018099791621305372,-0.011813430660743767,0.0066153819114459075,0.04413839431861778,0.0018643163511948269,0.00125499616746505,0.01388163694378286,0.01388163694378286,0.0003790377757383415,0.008761405123231356,0.021292641841987814,0.011512720802616717,-0.005812814432910349,-0.0029167834809145873,0.004761247487908241,0.02250888481885644,0.008991605593136835,0.022535242475778944,-0.0058128178518271345,-0.003382797045709557,-0.0005015779595688214,3.576544648487325e-05,0.008991608693969191,0.025335549168391886,-0.0005651774207355444,3.532601977463259e-05
2025-07-31,-0.0015933531226887006,0.007888544334051423,0.014702988942333389,0.02846848394727508,0.04184116604406387,0.043000297782729124,-0.008966197567615193,-0.00373566397390028,0.02001182312211247,0.0024184989742890846,0.012292251787542972,0.027249127127375473,0.005836335519661156,0.006105853040114795,-0.043945535167323246,-0.04394553516732325,0.012641763855641388,0.029414679386176357,0.014821138487808548,0.009713422422566814,-0.002772591025765184,0.001993187343421777,-0.0015933653004561981,0.015578420177398078,0.002865370109570319,0.011775814406689462,-0.002772592892719307,0.006293496748582109,0.004133086820372604,0.006840979302584665,0.0028653626739361597,0.020226587486140805,0.004249262539618895,0.011831783198244586
2025-08-31,0.03399842167615547,0.007705507226965151,0.006282356573379245,-0.0031304120591560953,-0.007196115948304383,-0.015891816108244194,0.018995643826180075,-0.020258408606931864,0.01111163482311417,0.007043989594883305,0.004571535314840556,-0.010093774734990225,-0.002713356159410764,0.01042339017155136,0.06636891586942206,0.06636891586942206,0.00921124459594303,-0.027615071888855577,0.00529192406735257,0.00919873280150958,0.03222373340329706,0.021119965439823012,0.03399843349431301,0.0020761312570240567,0.028616008349236246,0.00463189991929565,0.03222373435255105,0.018119913384537386,0.02479858158227134,0.016211430713295637,0.02861601872685776,-0.0022423937419243562,0.024649027216917654,0.012669705528667058
2025-09-30,0.017347696367656658,0.02800287467955748,0.012797395129351328,0.018497693150516303,0.01319954657549492,0.027476861727458186,0.018383210138501048,-0.04134641355799902,-0.004773190404225747,0.009250143279791158,0.006879423318152617,0.051517304094977845,-0.011839040345864854,-0.019771173596517255,0.03422386637663588,0.03422386637663588,0.014814393191334192,-0.0013981164271301876,0.028999256717261886,0.01952934854540033,0.0468878714772023,0.05095917882211083,0.01734769826261347,0.03680196645578302,0.015278503218778092,0.02706384189426257,0.04688787518970516,0.05644203842523548,0.046950279814985126,0.05062152601177399,0.015278505532442479,0.03539222635212,0.046971043627476845,0.05575743255480758
2025-10-31,0.029543242652380827,0.0658645780808409,0.03158768357288258,0.034521935748115684,0.030529727667362207,0.05024337977106303,0.07040207208864369,0.18693377506164222,0.028198342739924387,0.0225026182861559,0.04135523341801115,0.05794973141700756,0.005043783348881752,0.002715881095224804,0.022130676119644477,0.022130676119644477,0.05430998060083435,0.12618263866924156,0.03983962084346583,0.035005032082231324,0.03396366090445318,0.05333148862557663,0.02954324968696909,0.04297321811819729,0.029316572118774326,0.06095190134351953,0.03396366113824385,0.038873740614904236,0.032793464856498825,0.04868215936774879,0.02931657819465205,0.03783745526947475,0.03266419420476791,0.033626090579480135
2025-11-30,0.023856525242342785,0.007147285880601531,0.0005759159126189298,-0.0045201685868420105,0.0001472096909848042,-0.014131190025144885,0.03506769269387505,0.008809877965384332,0.0062512507914322946,0.005403593121095248,0.0005087815708479977,-0.031242739478724132,-0.030543451234879667,-0.03913935854223394,0.06447648524886485,0.06447648524886485,0.0029395297803210415,-0.02159155940931257,-0.010912594494565192,-0.0038106161564746472,0.03947577790469645,0.033531996401974955,0.02385652438728593,-0.011012853406430267,0.022891717999447576,0.006098797268246258,0.039475777933232904,0.023803768804272086,0.037267554495190924,0.03142759140429959,0.022891713249108794,-0.012069966434226176,0.03693662870088913,0.0218142600154548
2025-12-31,0.025334989960200446,0.020165466790548835,0.044624761162025725,0.03168662328590588,0.022873261371537914,0.016287560126338568,0.06561788098834702,0.03889415026142802,0.06235585878125871,0.0570803826115503,0.023908812526309664,0.04874362924958495,0.04579468437911389,0.053714338996945,0.013795276305965219,0.013795276305965219,0.05138281393574892,0.02489495778352337,0.04752721634414205,0.05095582283702611,0.03217816169698865,0.026138023390956725,0.025334982229303978,0.019369789841057087,0.021161132035116267,0.019271775020543686,0.03217816552480167,0.02482970464066299,0.02628517017443403,0.024990798837423587,0.021161116908485874,0.01860158043888879,0.026210914634064646,0.023593820346145107
2026-01-31,0.04848583853945349,0.030220227533077626,-0.009097662638240413,-0.025552773536795415,-0.02280934905389444,-0.022090263590391537,0.03894971783415397,0.026917631804388466,-0.005438434260813363,-0.011391359350057178,-0.00038167029832798886,0.013229739375673627,-0.002432771516980966,0.004034356920421755,0.12784808195090003,0.12784808195090003,0.017650233455227638,-0.004581282624853874,0.015101640086806426,0.01012454137601711,0.06476152209544703,0.05728797824747329,0.04848585460758449,0.01986061193931446,0.05360889911212922,0.03243802043549955,0.06476151817382984,0.0506052373682067,0.07129895421871275,0.059400716087004736,0.05360891992243648,0.023082291848525168,0.0712168956937696,0.05351247248670518
2026-02-28,0.03715281787209563,0.0075606975237917035,0.02901558976185029,0.0026536036994426766,-0.005318925543442832,-0.015458494926106722,0.002576906372733682,-0.027967498365848973,0.04390293682185087,0.029357716461509444,0.04741207806618267,0.09337439766347078,0.05163758035037672,0.07333316362175024,0.03905727740213538,0.03905727740213538,0.03144860536018879,-0.004148497067736235,0.04845283514640053,0.04928126036513417,0.05005362511198593,0.03192384790763074,0.03715283555222265,0.0035989681833693546,0.03809814451648615,0.008687731019030155,0.050053621897045195,0.026731026428312356,0.04900489312073041,0.031883173070081886,0.03809816337138953,0.006198692682481095,0.0488710945870865,0.027338041657003
2026-03-31,-0.029598417781758903,-0.014214657738712989,-0.05203882826012773,-0.03784844587941716,-0.005572019030974107,-0.0012472891718845775,-0.03988811154752608,0.005969202245498849,-0.040879258663744644,-0.05620609200584336,-0.05357322837247296,-0.04453024273313686,-0.062045583946731014,-0.05455253423451012,-0.004752672636680113,-0.0047526726366801135,-0.04912475724590922,0.0016887180773126407,-0.06658254705820864,-0.06517037454529166,-0.043997696006183654,-0.035097666832710823,-0.0295984258685261,-0.010981771641332084,-0.00264096105889852,0.00785777611362968,-0.04399770140836111,-0.03343982471703937,-0.00290088613800032,-0.00542868016033202,-0.0026409525480212814,0.01729392296627576,-0.002647727774578074,0.0008394542374445084
2026-04-30,0.015785549163296605,0.046779985175358946,0.016620433450303312,0.018340145676709385,-0.0012338716671084268,0.017813319352129358,0.012146579020784797,-0.017223285803247224,-0.006481377738762117,0.005657384106307019,-0.0001423827149747413,0.06132797997023222,0.022645304595956567,0.03224149261602127,0.051986118377004065,0.051986118377004065,0.011969505214413308,0.02152069047901199,0.02722816592591474,0.021766840955021294,0.005251530496866341,0.009805829699423568,0.015785549019232493,0.05111733790427554,0.011427924130369051,0.042427450278882395,0.005251535551369168,0.011060642212635035,-0.0010027954802199015,0.00797600168016831,0.011427916956907504,0.04615324933108377,-0.0010626515476400136,0.008174857723678128
