carteira,tipo,coluna_retorno,carteira_tipo,ativo,peso,peso_pct
etfs_america_norte,hrp,etfs_america_norte,etfs_america_norte__hrp,SPY,0.39619692481026747,39.6197
etfs_america_norte,hrp,etfs_america_norte,etfs_america_norte__hrp,XLE,0.3217523939848257,32.1752
etfs_america_norte,hrp,etfs_america_norte,etfs_america_norte__hrp,QQQ,0.28205068120490684,28.2051
etfs_asia,hrp,etfs_asia,etfs_asia__hrp,EWJ,0.293520558721879,29.3521
etfs_asia,hrp,etfs_asia,etfs_asia__hrp,EWH,0.22683955697348926,22.684
etfs_asia,hrp,etfs_asia,etfs_asia__hrp,INDA,0.15848362068312602,15.8484
etfs_asia,hrp,etfs_asia,etfs_asia__hrp,EWT,0.12717053952130472,12.7171
etfs_asia,hrp,etfs_asia,etfs_asia__hrp,MCHI,0.1092763785410948,10.9276
etfs_asia,hrp,etfs_asia,etfs_asia__hrp,EWY,0.08470934555910614,8.4709
etfs_brasil,hrp,etfs_brasil,etfs_brasil__hrp,BOVA11.SA,0.5,50.0
etfs_brasil,hrp,etfs_brasil,etfs_brasil__hrp,SMAL11.SA,0.5,50.0
etfs_com_btc,hrp,etfs_com_btc,etfs_com_btc__hrp,EWW,0.07250816688505678,7.2508
etfs_com_btc,hrp,etfs_com_btc,etfs_com_btc__hrp,EWH,0.06772327604718238,6.7723
etfs_com_btc,hrp,etfs_com_btc,etfs_com_btc__hrp,BOVA11.SA,0.0621834187146745,6.2183
etfs_com_btc,hrp,etfs_com_btc,etfs_com_btc__hrp,ECH,0.06183708202818335,6.1837
etfs_com_btc,hrp,etfs_com_btc,etfs_com_btc__hrp,INDA,0.04800628611507238,4.8006
etfs_com_btc,hrp,etfs_com_btc,etfs_com_btc__hrp,SMAL11.SA,0.047607406413773,4.7607
etfs_com_btc,hrp,etfs_com_btc,etfs_com_btc__hrp,ARGT,0.047494004616971716,4.7494
etfs_com_btc,hrp,etfs_com_btc,etfs_com_btc__hrp,EWG,0.04613103129013594,4.6131
etfs_com_btc,hrp,etfs_com_btc,etfs_com_btc__hrp,ENZL,0.04541618243246174,4.5416
etfs_com_btc,hrp,etfs_com_btc,etfs_com_btc__hrp,EZA,0.044409716639133054,4.441
etfs_com_btc,hrp,etfs_com_btc,etfs_com_btc__hrp,XLE,0.03925521043572399,3.9255
etfs_com_btc,hrp,etfs_com_btc,etfs_com_btc__hrp,QQQ,0.03804145428895367,3.8041
etfs_com_btc,hrp,etfs_com_btc,etfs_com_btc__hrp,IEMG,0.035795742775122534,3.5796
etfs_com_btc,hrp,etfs_com_btc,etfs_com_btc__hrp,EWU,0.03494548243767013,3.4945
etfs_com_btc,hrp,etfs_com_btc,etfs_com_btc__hrp,VEA,0.03433317351909837,3.4333
etfs_com_btc,hrp,etfs_com_btc,etfs_com_btc__hrp,EWJ,0.03357015219633273,3.357
etfs_com_btc,hrp,etfs_com_btc,etfs_com_btc__hrp,EWY,0.031420593852977935,3.1421
etfs_com_btc,hrp,etfs_com_btc,etfs_com_btc__hrp,ACWI,0.030840284905205084,3.084
etfs_com_btc,hrp,etfs_com_btc,etfs_com_btc__hrp,MCHI,0.030361185854818465,3.0361
etfs_com_btc,hrp,etfs_com_btc,etfs_com_btc__hrp,VT,0.030224485800191384,3.0224
etfs_com_btc,hrp,etfs_com_btc,etfs_com_btc__hrp,EWA,0.02991939017424603,2.9919
etfs_com_btc,hrp,etfs_com_btc,etfs_com_btc__hrp,SPY,0.02837198692528438,2.8372
etfs_com_btc,hrp,etfs_com_btc,etfs_com_btc__hrp,FEZ,0.026444353118509206,2.6444
etfs_com_btc,hrp,etfs_com_btc,etfs_com_btc__hrp,EWT,0.02223102815649109,2.2231
etfs_com_btc,hrp,etfs_com_btc,etfs_com_btc__hrp,BTC-USD,0.010928904376730195,1.0929
etfs_com_btc_petroleo,hrp,etfs_com_btc_petroleo,etfs_com_btc_petroleo__hrp,ECH,0.08395524031180839,8.3955
etfs_com_btc_petroleo,hrp,etfs_com_btc_petroleo,etfs_com_btc_petroleo__hrp,BOVA11.SA,0.059666636121243885,5.9667
etfs_com_btc_petroleo,hrp,etfs_com_btc_petroleo,etfs_com_btc_petroleo__hrp,EWW,0.05337646290324054,5.3376
etfs_com_btc_petroleo,hrp,etfs_com_btc_petroleo,etfs_com_btc_petroleo__hrp,EZA,0.04953188456359113,4.9532
etfs_com_btc_petroleo,hrp,etfs_com_btc_petroleo,etfs_com_btc_petroleo__hrp,XLE,0.046160542121817354,4.6161
etfs_com_btc_petroleo,hrp,etfs_com_btc_petroleo,etfs_com_btc_petroleo__hrp,EWH,0.04592843532979666,4.5928
etfs_com_btc_petroleo,hrp,etfs_com_btc_petroleo,etfs_com_btc_petroleo__hrp,SMAL11.SA,0.04568056652209161,4.5681
etfs_com_btc_petroleo,hrp,etfs_com_btc_petroleo,etfs_com_btc_petroleo__hrp,EWG,0.04544606731063616,4.5446
etfs_com_btc_petroleo,hrp,etfs_com_btc_petroleo,etfs_com_btc_petroleo__hrp,ENZL,0.04474183269037656,4.4742
etfs_com_btc_petroleo,hrp,etfs_com_btc_petroleo,etfs_com_btc_petroleo__hrp,ARGT,0.04436872000198401,4.4369
etfs_com_btc_petroleo,hrp,etfs_com_btc_petroleo,etfs_com_btc_petroleo__hrp,INDA,0.042786733795158564,4.2787
etfs_com_btc_petroleo,hrp,etfs_com_btc_petroleo,etfs_com_btc_petroleo__hrp,QQQ,0.03747660617723821,3.7477
etfs_com_btc_petroleo,hrp,etfs_com_btc_petroleo,etfs_com_btc_petroleo__hrp,IEMG,0.03526423949555806,3.5264
etfs_com_btc_petroleo,hrp,etfs_com_btc_petroleo,etfs_com_btc_petroleo__hrp,EWU,0.034426604015778774,3.4427
etfs_com_btc_petroleo,hrp,etfs_com_btc_petroleo,etfs_com_btc_petroleo__hrp,VEA,0.033823386798428924,3.3823
etfs_com_btc_petroleo,hrp,etfs_com_btc_petroleo,etfs_com_btc_petroleo__hrp,EWJ,0.03307169498872787,3.3072
etfs_com_btc_petroleo,hrp,etfs_com_btc_petroleo,etfs_com_btc_petroleo__hrp,EWY,0.031786358088007026,3.1786
etfs_com_btc_petroleo,hrp,etfs_com_btc_petroleo,etfs_com_btc_petroleo__hrp,MCHI,0.030714617619053287,3.0715
etfs_com_btc_petroleo,hrp,etfs_com_btc_petroleo,etfs_com_btc_petroleo__hrp,ACWI,0.030382361384165283,3.0382
etfs_com_btc_petroleo,hrp,etfs_com_btc_petroleo,etfs_com_btc_petroleo__hrp,VT,0.029775705803450656,2.9776
etfs_com_btc_petroleo,hrp,etfs_com_btc_petroleo,etfs_com_btc_petroleo__hrp,EWA,0.029475140306319484,2.9475
etfs_com_btc_petroleo,hrp,etfs_com_btc_petroleo,etfs_com_btc_petroleo__hrp,SPY,0.027950713250554846,2.7951
etfs_com_btc_petroleo,hrp,etfs_com_btc_petroleo,etfs_com_btc_petroleo__hrp,FEZ,0.026051701386241844,2.6052
etfs_com_btc_petroleo,hrp,etfs_com_btc_petroleo,etfs_com_btc_petroleo__hrp,USO,0.025770239174520013,2.577
etfs_com_btc_petroleo,hrp,etfs_com_btc_petroleo,etfs_com_btc_petroleo__hrp,EWT,0.021900936825589107,2.1901
etfs_com_btc_petroleo,hrp,etfs_com_btc_petroleo,etfs_com_btc_petroleo__hrp,BTC-USD,0.010486573014621742,1.0487
etfs_com_ouro,hrp,etfs_com_ouro,etfs_com_ouro__hrp,GLD,0.1467642458635856,14.6764
etfs_com_ouro,hrp,etfs_com_ouro,etfs_com_ouro__hrp,ECH,0.0686004644564677,6.86
etfs_com_ouro,hrp,etfs_com_ouro,etfs_com_ouro__hrp,BOVA11.SA,0.06062242130126606,6.0622
etfs_com_ouro,hrp,etfs_com_ouro,etfs_com_ouro__hrp,EWW,0.05551713417670421,5.5517
etfs_com_ouro,hrp,etfs_com_ouro,etfs_com_ouro__hrp,EWH,0.05185349960863871,5.1853
etfs_com_ouro,hrp,etfs_com_ouro,etfs_com_ouro__hrp,XLE,0.04354871834022981,4.3549
etfs_com_ouro,hrp,etfs_com_ouro,etfs_com_ouro__hrp,EWG,0.04169368389097932,4.1694
etfs_com_ouro,hrp,etfs_com_ouro,etfs_com_ouro__hrp,ENZL,0.041047596399151044,4.1048
etfs_com_ouro,hrp,etfs_com_ouro,etfs_com_ouro__hrp,INDA,0.03675684467103789,3.6757
etfs_com_ouro,hrp,etfs_com_ouro,etfs_com_ouro__hrp,SMAL11.SA,0.035742215301125486,3.5742
etfs_com_ouro,hrp,etfs_com_ouro,etfs_com_ouro__hrp,QQQ,0.03438224391519125,3.4382
etfs_com_ouro,hrp,etfs_com_ouro,etfs_com_ouro__hrp,EZA,0.03400306894135918,3.4003
etfs_com_ouro,hrp,etfs_com_ouro,etfs_com_ouro__hrp,IEMG,0.03235254756222831,3.2353
etfs_com_ouro,hrp,etfs_com_ouro,etfs_com_ouro__hrp,EWU,0.0315840738311336,3.1584
etfs_com_ouro,hrp,etfs_com_ouro,etfs_com_ouro__hrp,VEA,0.031030662953887133,3.1031
etfs_com_ouro,hrp,etfs_com_ouro,etfs_com_ouro__hrp,EWJ,0.030341036710038773,3.0341
etfs_com_ouro,hrp,etfs_com_ouro,etfs_com_ouro__hrp,ACWI,0.027873755560724044,2.7874
etfs_com_ouro,hrp,etfs_com_ouro,etfs_com_ouro__hrp,VT,0.027317190218334245,2.7317
etfs_com_ouro,hrp,etfs_com_ouro,etfs_com_ouro__hrp,EWA,0.027041441763792196,2.7041
etfs_com_ouro,hrp,etfs_com_ouro,etfs_com_ouro__hrp,SPY,0.025642883350729426,2.5643
etfs_com_ouro,hrp,etfs_com_ouro,etfs_com_ouro__hrp,ARGT,0.024986688525407346,2.4987
etfs_com_ouro,hrp,etfs_com_ouro,etfs_com_ouro__hrp,EWY,0.024057722044094364,2.4058
etfs_com_ouro,hrp,etfs_com_ouro,etfs_com_ouro__hrp,FEZ,0.02390066878605234,2.3901
etfs_com_ouro,hrp,etfs_com_ouro,etfs_com_ouro__hrp,MCHI,0.02324656795610136,2.3247
etfs_com_ouro,hrp,etfs_com_ouro,etfs_com_ouro__hrp,EWT,0.020092623871740642,2.0093
etfs_com_ouro_btc,hrp,etfs_com_ouro_btc,etfs_com_ouro_btc__hrp,GLD,0.12550264998101235,12.5503
etfs_com_ouro_btc,hrp,etfs_com_ouro_btc,etfs_com_ouro_btc__hrp,ECH,0.08180682100015672,8.1807
etfs_com_ouro_btc,hrp,etfs_com_ouro_btc,etfs_com_ouro_btc__hrp,BOVA11.SA,0.057612275480310574,5.7612
etfs_com_ouro_btc,hrp,etfs_com_ouro_btc,etfs_com_ouro_btc__hrp,ARGT,0.051332687046027635,5.1333
etfs_com_ouro_btc,hrp,etfs_com_ouro_btc,etfs_com_ouro_btc__hrp,SMAL11.SA,0.04410775524900715,4.4108
etfs_com_ouro_btc,hrp,etfs_com_ouro_btc,etfs_com_ouro_btc__hrp,EWG,0.041772155810607094,4.1772
etfs_com_ouro_btc,hrp,etfs_com_ouro_btc,etfs_com_ouro_btc__hrp,EWW,0.04167762542194291,4.1678
etfs_com_ouro_btc,hrp,etfs_com_ouro_btc,etfs_com_ouro_btc__hrp,ENZL,0.04112485231383515,4.1125
etfs_com_ouro_btc,hrp,etfs_com_ouro_btc,etfs_com_ouro_btc__hrp,EZA,0.03867568622946234,3.8676
etfs_com_ouro_btc,hrp,etfs_com_ouro_btc,etfs_com_ouro_btc__hrp,XLE,0.03604326100278409,3.6043
etfs_com_ouro_btc,hrp,etfs_com_ouro_btc,etfs_com_ouro_btc__hrp,EWH,0.03586202643965345,3.5862
etfs_com_ouro_btc,hrp,etfs_com_ouro_btc,etfs_com_ouro_btc__hrp,QQQ,0.03444695493204913,3.4447
etfs_com_ouro_btc,hrp,etfs_com_ouro_btc,etfs_com_ouro_btc__hrp,INDA,0.03340891035390698,3.3409
etfs_com_ouro_btc,hrp,etfs_com_ouro_btc,etfs_com_ouro_btc__hrp,IEMG,0.03241343847603424,3.2413
etfs_com_ouro_btc,hrp,etfs_com_ouro_btc,etfs_com_ouro_btc__hrp,EWU,0.031643518396158726,3.1644
etfs_com_ouro_btc,hrp,etfs_com_ouro_btc,etfs_com_ouro_btc__hrp,VEA,0.03108906594115209,3.1089
etfs_com_ouro_btc,hrp,etfs_com_ouro_btc,etfs_com_ouro_btc__hrp,EWJ,0.030398141747827217,3.0398
etfs_com_ouro_btc,hrp,etfs_com_ouro_btc,etfs_com_ouro_btc__hrp,ACWI,0.027926216914626115,2.7926
etfs_com_ouro_btc,hrp,etfs_com_ouro_btc,etfs_com_ouro_btc__hrp,VT,0.027368604057439357,2.7369
etfs_com_ouro_btc,hrp,etfs_com_ouro_btc,etfs_com_ouro_btc__hrp,EWA,0.0270923366151624,2.7092
etfs_com_ouro_btc,hrp,etfs_com_ouro_btc,etfs_com_ouro_btc__hrp,SPY,0.02569114596735463,2.5691
etfs_com_ouro_btc,hrp,etfs_com_ouro_btc,etfs_com_ouro_btc__hrp,EWY,0.024819552549243076,2.482
etfs_com_ouro_btc,hrp,etfs_com_ouro_btc,etfs_com_ouro_btc__hrp,MCHI,0.0239827118261033,2.3983
etfs_com_ouro_btc,hrp,etfs_com_ouro_btc,etfs_com_ouro_btc__hrp,FEZ,0.023945652370734698,2.3946
etfs_com_ouro_btc,hrp,etfs_com_ouro_btc,etfs_com_ouro_btc__hrp,EWT,0.020130440313427526,2.013
etfs_com_ouro_btc,hrp,etfs_com_ouro_btc,etfs_com_ouro_btc__hrp,BTC-USD,0.010125513563981085,1.0126
etfs_com_ouro_petroleo,hrp,etfs_com_ouro_petroleo,etfs_com_ouro_petroleo__hrp,GLD,0.14650597544991978,14.6506
etfs_com_ouro_petroleo,hrp,etfs_com_ouro_petroleo,etfs_com_ouro_petroleo__hrp,ECH,0.09952285785922259,9.9523
etfs_com_ouro_petroleo,hrp,etfs_com_ouro_petroleo,etfs_com_ouro_petroleo__hrp,BOVA11.SA,0.0568096118446755,5.681
etfs_com_ouro_petroleo,hrp,etfs_com_ouro_petroleo,etfs_com_ouro_petroleo__hrp,EWG,0.041000964518932814,4.1001
etfs_com_ouro_petroleo,hrp,etfs_com_ouro_petroleo,etfs_com_ouro_petroleo__hrp,ENZL,0.040365611442484975,4.0366
etfs_com_ouro_petroleo,hrp,etfs_com_ouro_petroleo,etfs_com_ouro_petroleo__hrp,EWW,0.039452930664529956,3.9453
etfs_com_ouro_petroleo,hrp,etfs_com_ouro_petroleo,etfs_com_ouro_petroleo__hrp,EZA,0.03661123088866615,3.6611
etfs_com_ouro_petroleo,hrp,etfs_com_ouro_petroleo,etfs_com_ouro_petroleo__hrp,XLE,0.034119320927475875,3.4119
etfs_com_ouro_petroleo,hrp,etfs_com_ouro_petroleo,etfs_com_ouro_petroleo__hrp,EWH,0.03394776041795019,3.3948
etfs_com_ouro_petroleo,hrp,etfs_com_ouro_petroleo,etfs_com_ouro_petroleo__hrp,QQQ,0.03381100040318214,3.3811
etfs_com_ouro_petroleo,hrp,etfs_com_ouro_petroleo,etfs_com_ouro_petroleo__hrp,SMAL11.SA,0.03349423091557306,3.3494
etfs_com_ouro_petroleo,hrp,etfs_com_ouro_petroleo,etfs_com_ouro_petroleo__hrp,IEMG,0.031815026423774526,3.1815
etfs_com_ouro_petroleo,hrp,etfs_com_ouro_petroleo,etfs_com_ouro_petroleo__hrp,INDA,0.03162558832049562,3.1626
etfs_com_ouro_petroleo,hrp,etfs_com_ouro_petroleo,etfs_com_ouro_petroleo__hrp,EWU,0.031059320493237563,3.1059
etfs_com_ouro_petroleo,hrp,etfs_com_ouro_petroleo,etfs_com_ouro_petroleo__hrp,USO,0.030548752416627814,3.0549
etfs_com_ouro_petroleo,hrp,etfs_com_ouro_petroleo,etfs_com_ouro_petroleo__hrp,VEA,0.030515104256512007,3.0515
etfs_com_ouro_petroleo,hrp,etfs_com_ouro_petroleo,etfs_com_ouro_petroleo__hrp,EWJ,0.029836935802285563,2.9837
etfs_com_ouro_petroleo,hrp,etfs_com_ouro_petroleo,etfs_com_ouro_petroleo__hrp,ACWI,0.027410647275567693,2.7411
etfs_com_ouro_petroleo,hrp,etfs_com_ouro_petroleo,etfs_com_ouro_petroleo__hrp,VT,0.026863328983534277,2.6863
etfs_com_ouro_petroleo,hrp,etfs_com_ouro_petroleo,etfs_com_ouro_petroleo__hrp,EWA,0.026592161949448443,2.6592
etfs_com_ouro_petroleo,hrp,etfs_com_ouro_petroleo,etfs_com_ouro_petroleo__hrp,SPY,0.02521683987376954,2.5217
etfs_com_ouro_petroleo,hrp,etfs_com_ouro_petroleo,etfs_com_ouro_petroleo__hrp,FEZ,0.023503571318813476,2.3504
etfs_com_ouro_petroleo,hrp,etfs_com_ouro_petroleo,etfs_com_ouro_petroleo__hrp,EWY,0.02349471871145525,2.3495
etfs_com_ouro_petroleo,hrp,etfs_com_ouro_petroleo,etfs_com_ouro_petroleo__hrp,ARGT,0.02341516630221686,2.3415
etfs_com_ouro_petroleo,hrp,etfs_com_ouro_petroleo,etfs_com_ouro_petroleo__hrp,MCHI,0.022702547403876238,2.2703
etfs_com_ouro_petroleo,hrp,etfs_com_ouro_petroleo,etfs_com_ouro_petroleo__hrp,EWT,0.019758795135772073,1.9759
etfs_com_petroleo,hrp,etfs_com_petroleo,etfs_com_petroleo__hrp,EWW,0.07142616915463347,7.1426
etfs_com_petroleo,hrp,etfs_com_petroleo,etfs_com_petroleo__hrp,ECH,0.0713490007336664,7.1349
etfs_com_petroleo,hrp,etfs_com_petroleo,etfs_com_petroleo__hrp,EWH,0.06671268049460077,6.6713
etfs_com_petroleo,hrp,etfs_com_petroleo,etfs_com_petroleo__hrp,BOVA11.SA,0.06664679900206974,6.6647
etfs_com_petroleo,hrp,etfs_com_petroleo,etfs_com_petroleo__hrp,INDA,0.04728991587908361,4.729
etfs_com_petroleo,hrp,etfs_com_petroleo,etfs_com_petroleo__hrp,EWG,0.045401954824051446,4.5402
etfs_com_petroleo,hrp,etfs_com_petroleo,etfs_com_petroleo__hrp,XLE,0.04529353498443178,4.5294
etfs_com_petroleo,hrp,etfs_com_petroleo,etfs_com_petroleo__hrp,ENZL,0.04469840377317588,4.4698
etfs_com_petroleo,hrp,etfs_com_petroleo,etfs_com_petroleo__hrp,EZA,0.04374701594379679,4.3747
etfs_com_petroleo,hrp,etfs_com_petroleo,etfs_com_petroleo__hrp,SMAL11.SA,0.0392941124410856,3.9294
etfs_com_petroleo,hrp,etfs_com_petroleo,etfs_com_petroleo__hrp,QQQ,0.03744022929393311,3.744
etfs_com_petroleo,hrp,etfs_com_petroleo,etfs_com_petroleo__hrp,IEMG,0.03523001005869535,3.523
etfs_com_petroleo,hrp,etfs_com_petroleo,etfs_com_petroleo__hrp,EWU,0.03439318763461156,3.4393
etfs_com_petroleo,hrp,etfs_com_petroleo,etfs_com_petroleo__hrp,VEA,0.03379055593352269,3.3791
etfs_com_petroleo,hrp,etfs_com_petroleo,etfs_com_petroleo__hrp,EWJ,0.033039593757799524,3.304
etfs_com_petroleo,hrp,etfs_com_petroleo,etfs_com_petroleo__hrp,EWY,0.030951722376867268,3.0952
etfs_com_petroleo,hrp,etfs_com_petroleo,etfs_com_petroleo__hrp,USO,0.030541359624376874,3.0541
etfs_com_petroleo,hrp,etfs_com_petroleo,etfs_com_petroleo__hrp,ACWI,0.03035287057036593,3.0353
etfs_com_petroleo,hrp,etfs_com_petroleo,etfs_com_petroleo__hrp,MCHI,0.029908123315808888,2.9908
etfs_com_petroleo,hrp,etfs_com_petroleo,etfs_com_petroleo__hrp,VT,0.029746803843379455,2.9747
etfs_com_petroleo,hrp,etfs_com_petroleo,etfs_com_petroleo__hrp,EWA,0.029446530091876557,2.9447
etfs_com_petroleo,hrp,etfs_com_petroleo,etfs_com_petroleo__hrp,SPY,0.027923582730000222,2.7924
etfs_com_petroleo,hrp,etfs_com_petroleo,etfs_com_petroleo__hrp,ARGT,0.027469750830380755,2.747
etfs_com_petroleo,hrp,etfs_com_petroleo,etfs_com_petroleo__hrp,FEZ,0.026026414152474087,2.6026
etfs_com_petroleo,hrp,etfs_com_petroleo,etfs_com_petroleo__hrp,EWT,0.021879678555312213,2.188
etfs_com_tudo,hrp,etfs_com_tudo,etfs_com_tudo__hrp,GLD,0.18794654799246732,18.7947
etfs_com_tudo,hrp,etfs_com_tudo,etfs_com_tudo__hrp,BOVA11.SA,0.058358143217617696,5.8358
etfs_com_tudo,hrp,etfs_com_tudo,etfs_com_tudo__hrp,ARGT,0.057530777640973904,5.7531
etfs_com_tudo,hrp,etfs_com_tudo,etfs_com_tudo__hrp,ECH,0.04878450344584483,4.8785
etfs_com_tudo,hrp,etfs_com_tudo,etfs_com_tudo__hrp,SMAL11.SA,0.044678788962412834,4.4679
etfs_com_tudo,hrp,etfs_com_tudo,etfs_com_tudo__hrp,EWW,0.04092940492755858,4.0929
etfs_com_tudo,hrp,etfs_com_tudo,etfs_com_tudo__hrp,USO,0.0376046554642228,3.7605
etfs_com_tudo,hrp,etfs_com_tudo,etfs_com_tudo__hrp,INDA,0.0341916309916894,3.4192
etfs_com_tudo,hrp,etfs_com_tudo,etfs_com_tudo__hrp,QQQ,0.032867385345627186,3.2867
etfs_com_tudo,hrp,etfs_com_tudo,etfs_com_tudo__hrp,EZA,0.031630037785697104,3.163
etfs_com_tudo,hrp,etfs_com_tudo,etfs_com_tudo__hrp,IEMG,0.030927116050464276,3.0927
etfs_com_tudo,hrp,etfs_com_tudo,etfs_com_tudo__hrp,EWH,0.030761758738713132,3.0762
etfs_com_tudo,hrp,etfs_com_tudo,etfs_com_tudo__hrp,EWU,0.029880386352861166,2.988
etfs_com_tudo,hrp,etfs_com_tudo,etfs_com_tudo__hrp,VEA,0.029663472789949602,2.9663
etfs_com_tudo,hrp,etfs_com_tudo,etfs_com_tudo__hrp,EWY,0.02953376572425522,2.9534
etfs_com_tudo,hrp,etfs_com_tudo,etfs_com_tudo__hrp,EWA,0.028708739575358994,2.8709
etfs_com_tudo,hrp,etfs_com_tudo,etfs_com_tudo__hrp,ACWI,0.02664565661577878,2.6646
etfs_com_tudo,hrp,etfs_com_tudo,etfs_com_tudo__hrp,EWJ,0.026495146249733897,2.6495
etfs_com_tudo,hrp,etfs_com_tudo,etfs_com_tudo__hrp,VT,0.026113613168484637,2.6114
etfs_com_tudo,hrp,etfs_com_tudo,etfs_com_tudo__hrp,ENZL,0.02502386610424298,2.5024
etfs_com_tudo,hrp,etfs_com_tudo,etfs_com_tudo__hrp,SPY,0.02451307513669889,2.4513
etfs_com_tudo,hrp,etfs_com_tudo,etfs_com_tudo__hrp,XLE,0.023316707843300193,2.3317
etfs_com_tudo,hrp,etfs_com_tudo,etfs_com_tudo__hrp,FEZ,0.022611434523529955,2.2611
etfs_com_tudo,hrp,etfs_com_tudo,etfs_com_tudo__hrp,EWG,0.022059717629121997,2.206
etfs_com_tudo,hrp,etfs_com_tudo,etfs_com_tudo__hrp,MCHI,0.019759709521238275,1.976
etfs_com_tudo,hrp,etfs_com_tudo,etfs_com_tudo__hrp,EWT,0.019207356361795325,1.9207
etfs_com_tudo,hrp,etfs_com_tudo,etfs_com_tudo__hrp,BTC-USD,0.010256601840361005,1.0257
etfs_desenvolvidos_emergentes,hrp,etfs_desenvolvidos_emergentes,etfs_desenvolvidos_emergentes__hrp,IEMG,0.5,50.0
etfs_desenvolvidos_emergentes,hrp,etfs_desenvolvidos_emergentes,etfs_desenvolvidos_emergentes__hrp,VEA,0.5,50.0
etfs_europa,hrp,etfs_europa,etfs_europa__hrp,EWU,0.5736564784457583,57.3656
etfs_europa,hrp,etfs_europa,etfs_europa__hrp,FEZ,0.22092105095744347,22.0921
etfs_europa,hrp,etfs_europa,etfs_europa__hrp,EWG,0.20542247059679825,20.5422
etfs_exterior,hrp,etfs_exterior,etfs_exterior__hrp,ECH,0.07027935411195978,7.0279
etfs_exterior,hrp,etfs_exterior,etfs_exterior__hrp,VT,0.06630773271485695,6.6308
etfs_exterior,hrp,etfs_exterior,etfs_exterior__hrp,INDA,0.06546605066634721,6.5466
etfs_exterior,hrp,etfs_exterior,etfs_exterior__hrp,VEA,0.06477088793732642,6.4771
etfs_exterior,hrp,etfs_exterior,etfs_exterior__hrp,EWJ,0.061331258222937564,6.1331
etfs_exterior,hrp,etfs_exterior,etfs_exterior__hrp,FEZ,0.05333059805306995,5.3331
etfs_exterior,hrp,etfs_exterior,etfs_exterior__hrp,EWW,0.05297728293045128,5.2977
etfs_exterior,hrp,etfs_exterior,etfs_exterior__hrp,EWG,0.051064078887670124,5.1064
etfs_exterior,hrp,etfs_exterior,etfs_exterior__hrp,EZA,0.0491614565648656,4.9161
etfs_exterior,hrp,etfs_exterior,etfs_exterior__hrp,XLE,0.045815326966187286,4.5815
etfs_exterior,hrp,etfs_exterior,etfs_exterior__hrp,EWY,0.045090819674832854,4.5091
etfs_exterior,hrp,etfs_exterior,etfs_exterior__hrp,EWA,0.04383120701134005,4.3831
etfs_exterior,hrp,etfs_exterior,etfs_exterior__hrp,EWU,0.04246352269753065,4.2464
etfs_exterior,hrp,etfs_exterior,etfs_exterior__hrp,IEMG,0.03929528428491852,3.9295
etfs_exterior,hrp,etfs_exterior,etfs_exterior__hrp,EWH,0.038874382324787904,3.8874
etfs_exterior,hrp,etfs_exterior,etfs_exterior__hrp,ARGT,0.03870684133103159,3.8707
etfs_exterior,hrp,etfs_exterior,etfs_exterior__hrp,ENZL,0.038205308615518144,3.8205
etfs_exterior,hrp,etfs_exterior,etfs_exterior__hrp,ACWI,0.03237862451525799,3.2379
etfs_exterior,hrp,etfs_exterior,etfs_exterior__hrp,SPY,0.027044234819528317,2.7044
etfs_exterior,hrp,etfs_exterior,etfs_exterior__hrp,MCHI,0.02497082527302542,2.4971
etfs_exterior,hrp,etfs_exterior,etfs_exterior__hrp,EWT,0.02440442643817593,2.4404
etfs_exterior,hrp,etfs_exterior,etfs_exterior__hrp,QQQ,0.02423049595838045,2.423
etfs_global,hrp,etfs_global,etfs_global__hrp,VEA,0.5049874362544066,50.4987
etfs_global,hrp,etfs_global,etfs_global__hrp,ACWI,0.25000222421568785,25.0002
etfs_global,hrp,etfs_global,etfs_global__hrp,VT,0.24501033952990559,24.501
etfs_latam,hrp,etfs_latam,etfs_latam__hrp,EWW,0.49942299876016993,49.9423
etfs_latam,hrp,etfs_latam,etfs_latam__hrp,ECH,0.32279526950584364,32.2795
etfs_latam,hrp,etfs_latam,etfs_latam__hrp,ARGT,0.17778173173398643,17.7782
etfs_oceania,hrp,etfs_oceania,etfs_oceania__hrp,ENZL,0.5,50.0
etfs_oceania,hrp,etfs_oceania,etfs_oceania__hrp,EWA,0.5,50.0
etfs_todos,hrp,etfs_todos,etfs_todos__hrp,ECH,0.07440832858954681,7.4408
etfs_todos,hrp,etfs_todos,etfs_todos__hrp,BOVA11.SA,0.06322481021073514,6.3225
etfs_todos,hrp,etfs_todos,etfs_todos__hrp,EWW,0.062427377460245355,6.2427
etfs_todos,hrp,etfs_todos,etfs_todos__hrp,VT,0.05904831151229573,5.9048
etfs_todos,hrp,etfs_todos,etfs_todos__hrp,EZA,0.057791129768209215,5.7791
etfs_todos,hrp,etfs_todos,etfs_todos__hrp,VEA,0.05767972167436672,5.768
etfs_todos,hrp,etfs_todos,etfs_todos__hrp,EWA,0.04835586945677131,4.8356
etfs_todos,hrp,etfs_todos,etfs_todos__hrp,FEZ,0.04713048011870506,4.713
etfs_todos,hrp,etfs_todos,etfs_todos__hrp,ENZL,0.04555745559254869,4.5557
etfs_todos,hrp,etfs_todos,etfs_todos__hrp,MCHI,0.045033900722144575,4.5034
etfs_todos,hrp,etfs_todos,etfs_todos__hrp,EWH,0.04495428722940626,4.4954
etfs_todos,hrp,etfs_todos,etfs_todos__hrp,INDA,0.04187922159385737,4.1879
etfs_todos,hrp,etfs_todos,etfs_todos__hrp,EWU,0.037526791097947265,3.7527
etfs_todos,hrp,etfs_todos,etfs_todos__hrp,SMAL11.SA,0.0372765509924906,3.7277
etfs_todos,hrp,etfs_todos,etfs_todos__hrp,XLE,0.035563696179806405,3.5564
etfs_todos,hrp,etfs_todos,etfs_todos__hrp,IEMG,0.034993206560057756,3.4993
etfs_todos,hrp,etfs_todos,etfs_todos__hrp,EWJ,0.030343200483640233,3.0343
etfs_todos,hrp,etfs_todos,etfs_todos__hrp,EWY,0.02941944758923705,2.9419
etfs_todos,hrp,etfs_todos,etfs_todos__hrp,ACWI,0.028833787982743494,2.8834
etfs_todos,hrp,etfs_todos,etfs_todos__hrp,ARGT,0.026059312807102285,2.6059
etfs_todos,hrp,etfs_todos,etfs_todos__hrp,EWG,0.025263587085867255,2.5264
etfs_todos,hrp,etfs_todos,etfs_todos__hrp,SPY,0.024083411343627157,2.4083
etfs_todos,hrp,etfs_todos,etfs_todos__hrp,EWT,0.02173261119931851,2.1733
etfs_todos,hrp,etfs_todos,etfs_todos__hrp,QQQ,0.02141350274932975,2.1414
