ticker_yahoo,000001.SS,ACWI,ARGT,BOVA11.SA,ECH,ENZL,EWA,EWG,EWH,EWJ,EWT,EWU,EWW,EWY,EZA,FEZ,GLD,IEMG,INDA,MCHI,QQQ,SMAL11.SA,SPY,USO,VEA,VT,XLE,^AXJO,^BVSP,^FTSE,^GDAXI,^GSPC,^HSI,^KS11,^MXX,^N225,^NDX,^NSEI,^NZ50,^STOXX50E,^TWII,BRL=X,BTC-USD,BZ=F,GC=F
000001.SS,1.0,0.4726336787785614,0.3508908243546345,0.1064987223806955,0.3881115352892287,0.43497262866887987,0.4223888576010408,0.4155890696064737,0.5446141031475534,0.4572107437954782,0.46528996651166576,0.45343617495565997,0.38854316511055337,0.42464428844217206,0.38635379693544364,0.4165088028526619,0.4190857330299588,0.5234323519204603,0.4091651397231302,0.5603866584393925,0.4139296568305648,0.05506520154715387,0.4422315915416221,0.27680835398528114,0.47279163341753727,0.47082076488250296,0.35453509438021386,0.4120667056088989,0.10461390740065446,0.44496951364269727,0.3816124631317294,0.44054219203297423,0.6152561876429581,0.4481117382179926,0.3260921534494353,0.4511910034200258,0.41017618970640524,0.440647549804453,0.49025512618623607,0.38771865985312154,0.47112222802338205,0.5450254286911486,0.1648872794827319,0.2608180126730787,0.4011705522490025
ACWI,0.4726336787785614,1.0,0.7367297790678059,0.40949491128191756,0.7341079909734751,0.8220737700951205,0.9072036184956254,0.9140188157698523,0.8092181490397287,0.9009805273278626,0.8691481686469525,0.9189304048221897,0.7998371564034463,0.8360289665771147,0.790824240575842,0.9280639622776053,0.5685090132883948,0.921281898904441,0.8291785344836018,0.7589025338986466,0.9419609913182668,0.35254088753164553,0.9862470345226382,0.46398425875193344,0.969430751803595,0.998309048907376,0.7348832442562521,0.449516438008018,0.4141725145191916,0.6823225453309594,0.6735382993880038,0.9859107385756,0.4657424703350594,0.39333109392385684,0.5429005269850098,0.488700132324654,0.9414529816682612,0.5318838195490032,0.4996908171233188,0.6854061179494719,0.4314093894681726,0.6787150394535509,0.3401991756788493,0.4268938629755727,0.5404164607051861
ARGT,0.3508908243546345,0.7367297790678059,1.0,0.44880675569953205,0.6472994536280786,0.6229214495822547,0.6822536814924726,0.6744044747794735,0.5962474529558751,0.6594773611634487,0.6576676004093612,0.6834790882400293,0.6651146052171617,0.6445660508615105,0.6414390982556786,0.6877479395683715,0.43038387984371845,0.7223235837504055,0.6123860321828086,0.5903677690773314,0.6893410132194412,0.41652217188886914,0.7130580973076925,0.4174794324307341,0.7224948336340792,0.7390010924879156,0.5978189995876351,0.3305674298859169,0.4543119499028582,0.5177350853295978,0.5092770745895157,0.7124331572929655,0.3527929514399544,0.30743565793332267,0.46557551838759775,0.36562768317388006,0.689469296887264,0.3861457658719324,0.3584026832746512,0.5176363703562272,0.31907542806433414,0.45225243859009173,0.2853449833078302,0.389615099011504,0.40504351941232025
BOVA11.SA,0.1064987223806955,0.40949491128191756,0.44880675569953205,1.0,0.4180910052243483,0.3507702237130613,0.45750703319636743,0.3828347339939653,0.3297308440648108,0.34289142702647313,0.37674424508540993,0.4077011487589062,0.4533928999383418,0.4118777016677292,0.4674979221368651,0.4018857321534306,0.08042778241246488,0.4746086365881927,0.3866530311554313,0.34353550721821335,0.34601247956729103,0.846960432947298,0.3803359228342595,0.2544435034344937,0.4137886698703135,0.41515319191052347,0.41863635643317226,0.20513603518079204,0.9787815057694115,0.29125660648668544,0.29516285326972796,0.3841046001756781,0.1685774749572824,0.13850850050881486,0.34799115743017384,0.15029520022639722,0.3495817597365506,0.1805121178346565,0.09556139450221286,0.31303236824208985,0.12762598578671672,0.01822189998840315,0.1514843676169153,0.22614108521960397,0.06561273907513936
ECH,0.3881115352892287,0.7341079909734751,0.6472994536280786,0.4180910052243483,1.0,0.6453695447822497,0.7092353246500939,0.6961295247640263,0.6458876482301301,0.6700880437705135,0.6852614828786366,0.7215633867947805,0.7034840139829573,0.6889118540367591,0.6958124194404379,0.7116806137404071,0.48861373836248256,0.7582759418487608,0.6535313016948117,0.6151124439370786,0.6372820522332213,0.3868103440621285,0.6920563537955059,0.4140983047561201,0.7468519092500818,0.7358077323668151,0.6078248256572667,0.34889620056099147,0.42812857824217154,0.553425418806863,0.546026049077836,0.6928450258905889,0.4145316437744233,0.33485950695277145,0.49372807154101267,0.3845330088725239,0.6386006807496994,0.42581512518773773,0.3840400209258244,0.556875147135737,0.35724694947851504,0.5054508352128226,0.25091861574497165,0.3855429185912798,0.47269350060903037
ENZL,0.43497262866887987,0.8220737700951205,0.6229214495822547,0.3507702237130613,0.6453695447822497,1.0,0.8344014522868369,0.767038607123112,0.7029427594473595,0.7452474499048012,0.7282576659832544,0.8032082286191915,0.7113147499909634,0.7185200338158744,0.6897304600235308,0.7737226281657628,0.6133500166793767,0.7904126259338536,0.7226419363779429,0.6391428139888102,0.7337303976781822,0.3079616397993918,0.7940265287329696,0.4092759318359419,0.8309387893715187,0.8266444865997212,0.6333882683346449,0.42920866864974877,0.3508124789406171,0.5852016337267134,0.5478804204449685,0.7966636035867544,0.4117933879546989,0.33013469693126796,0.46704145258094887,0.40926148156791414,0.7346519940721887,0.4746744157266701,0.6142077227767548,0.5547861004665533,0.39848952893643313,0.6396476257416494,0.3139213572660547,0.37392148146582666,0.5872666928600141
EWA,0.4223888576010408,0.9072036184956254,0.6822536814924726,0.45750703319636743,0.7092353246500939,0.8344014522868369,1.0,0.8505313012903853,0.7672854777748174,0.8252604584720072,0.807931304261482,0.8908519569943933,0.773476972465845,0.8003894671776796,0.7832159170567828,0.86437771621825,0.5429543652181317,0.8688484173296003,0.7787155235428134,0.7005178614639199,0.8095642743300783,0.38297184405425216,0.8730744002288524,0.47183347711171025,0.9213850238663115,0.9117657698516553,0.723156016727806,0.5256365433229666,0.4631924627104973,0.6442263556108171,0.6160344788952736,0.8745953508280844,0.4429596739377772,0.3571533393920756,0.5120910297248795,0.4399768526752223,0.8112649136013085,0.4740333376648232,0.447892290630098,0.6269793828587918,0.39415344892974014,0.5754970522079161,0.3160812744089397,0.4362323156306961,0.5171693924182417
EWG,0.4155890696064737,0.9140188157698523,0.6744044747794735,0.3828347339939653,0.6961295247640263,0.767038607123112,0.8505313012903853,1.0,0.7488040313145977,0.840990567662082,0.8008542388312689,0.9110801981821629,0.7573911336102008,0.7870410840507867,0.7708578725880153,0.9788860939729166,0.5243261999548762,0.8567948378338606,0.7691508605678192,0.6995994025645341,0.8159704308116873,0.3294604544680802,0.8684978983431947,0.3906820117670453,0.9529448273016605,0.9158645838742807,0.6547898626900616,0.4110625655486741,0.3894596207742267,0.686701606231035,0.7573412843259495,0.8681577362884009,0.4371816927552718,0.3566360054583646,0.5140791256838716,0.44050362658105613,0.8158523682199268,0.49659689057100515,0.4481686131067214,0.7401970361672287,0.39471408458731455,0.5977415778982417,0.31961667454241227,0.35867355284772284,0.49779595698126045
EWH,0.5446141031475534,0.8092181490397287,0.5962474529558751,0.3297308440648108,0.6458876482301301,0.7029427594473595,0.7672854777748174,0.7488040313145977,1.0,0.7519364076308419,0.7709882277447184,0.7782575935681786,0.6931548037107754,0.7515671377741425,0.7243322327175125,0.7660998479382554,0.5326096831454856,0.8692183651629257,0.7125911822456618,0.8613840688678093,0.7166015363810051,0.2478914463307722,0.760042927842924,0.402260666348204,0.8190074303588895,0.8093893418007625,0.6062929208911557,0.4408703022488208,0.3326317549031697,0.6291746895659369,0.5877218959152066,0.7596665830044274,0.6812098376734803,0.41792394810826555,0.4753439451327978,0.45111881939829934,0.714977914523281,0.49991599226254796,0.4845234241934349,0.607705720775647,0.4508443650034508,0.6194093695672297,0.2539744555406721,0.3728822428389192,0.507010819706165
EWJ,0.4572107437954782,0.9009805273278626,0.6594773611634487,0.34289142702647313,0.6700880437705135,0.7452474499048012,0.8252604584720072,0.840990567662082,0.7519364076308419,1.0,0.8116932602128689,0.8444297748126101,0.729070254294928,0.7807180218035513,0.7169686421142816,0.8522842019811633,0.5675962287958193,0.8433906355846115,0.7578175267364484,0.6884806059030131,0.8158197680079823,0.28863583098806617,0.8650517186917086,0.38817674841750005,0.9269019590301516,0.9014630625746,0.6481895687081051,0.42189743123620127,0.3459561238444784,0.6431378129062402,0.6398558263980825,0.8628871946947235,0.4504601065908935,0.39284683856998553,0.4960726761439611,0.5719572750017826,0.8135935010306156,0.5236625104761414,0.4805753028970541,0.6520841040679943,0.4225511144776208,0.6667883717531017,0.2930208377975182,0.355172069490507,0.5394615067064816
EWT,0.46528996651166576,0.8691481686469525,0.6576676004093612,0.37674424508540993,0.6852614828786366,0.7282576659832544,0.807931304261482,0.8008542388312689,0.7709882277447184,0.8116932602128689,1.0,0.7966966735468297,0.7252601135961845,0.8617689557951367,0.7691943823971827,0.8135386924760336,0.5403426397391025,0.9111748870018148,0.7581128577408274,0.7436048277093698,0.818633022429253,0.31887546331759176,0.8313188184466996,0.3874077656893474,0.8627390663493434,0.869974584153501,0.6116035210701347,0.41634903768013837,0.38097723076275836,0.6006620418469015,0.5949905168936941,0.8303187272390189,0.5006736013009836,0.43087327950118914,0.4907641676513608,0.4669773344098868,0.8176998304391087,0.500990707737939,0.4492582368749094,0.6110673569029906,0.5630723304455145,0.5969500453165614,0.28925362392023035,0.35945364304417315,0.5056214913697861
EWU,0.45343617495565997,0.9189304048221897,0.6834790882400293,0.4077011487589062,0.7215633867947805,0.8032082286191915,0.8908519569943933,0.9110801981821629,0.7782575935681786,0.8444297748126101,0.7966966735468297,1.0,0.7860190815765712,0.7828061980736482,0.7870207470153154,0.9276329777605974,0.5627751546683238,0.868562494984858,0.7940381369075887,0.7039551058740784,0.7865014733606721,0.33492837631992145,0.871804884190786,0.4843170905436638,0.9587338974422094,0.9216883322660611,0.7498244738342333,0.4519913414958854,0.4166352324775697,0.7501583379199801,0.691715574384725,0.8718025543420485,0.4637102343226403,0.3802819697910629,0.5304408686792271,0.468397995698427,0.786020783495231,0.5288112919015736,0.4878865540960526,0.7085511363238773,0.41981637012408546,0.6398850288243126,0.30560781077704763,0.4521250589608522,0.5384862429745534
EWW,0.38854316511055337,0.7998371564034463,0.6651146052171617,0.4533928999383418,0.7034840139829573,0.7113147499909634,0.773476972465845,0.7573911336102008,0.6931548037107754,0.729070254294928,0.7252601135961845,0.7860190815765712,1.0,0.7267714070529299,0.7652059345628347,0.777460343448775,0.5056929468516638,0.8129780578590481,0.7244042219103819,0.6355112143486416,0.6950993822135803,0.4001345013220978,0.7582581501932566,0.4211646900809246,0.8109110957625868,0.8011869428956209,0.6432206637589384,0.39425279697494725,0.46305239976853296,0.5863822216036686,0.5734302963402785,0.7586971821976557,0.400841053116126,0.33856043467165947,0.702868080222477,0.40704023608256595,0.6937773389189777,0.4558824204894599,0.4290680671774924,0.5915245204231707,0.3668805119029425,0.5485390711006546,0.2538936674428696,0.3857056618753706,0.47722535033329344
EWY,0.42464428844217206,0.8360289665771147,0.6445660508615105,0.4118777016677292,0.6889118540367591,0.7185200338158744,0.8003894671776796,0.7870410840507867,0.7515671377741425,0.7807180218035513,0.8617689557951367,0.7828061980736482,0.7267714070529299,1.0,0.7744989849623419,0.7995680354064119,0.5227683555500549,0.8975862754636538,0.7408404669210449,0.7212072766630802,0.7628606643189337,0.3508155327218333,0.7889474751087421,0.35091028328434215,0.8512673915399074,0.8372777199023282,0.6005202189337812,0.41372509895408355,0.4183761799346918,0.5836009315826634,0.5761899023995818,0.7893327958620368,0.4990613257625661,0.520548644817208,0.4834449691538044,0.4552079975489589,0.7621914653997841,0.4746603187140119,0.4250932616034513,0.5898605061832601,0.4503435333379663,0.537769040952601,0.2790613515087152,0.3235332663005025,0.48859000680035625
EZA,0.38635379693544364,0.790824240575842,0.6414390982556786,0.4674979221368651,0.6958124194404379,0.6897304600235308,0.7832159170567828,0.7708578725880153,0.7243322327175125,0.7169686421142816,0.7691943823971827,0.7870207470153154,0.7652059345628347,0.7744989849623419,1.0,0.7839013418231934,0.5329540626395775,0.8674357309145538,0.7230439412640098,0.7266555516703622,0.6944267474796892,0.3962273925340316,0.7327085745357929,0.39263043562465644,0.8140375991414461,0.7927496936979143,0.6028731865775733,0.3557613144617924,0.4777197878104197,0.5722812277980386,0.5582510513961809,0.7326644049761687,0.44856369650945765,0.33297458541829783,0.5071349118186862,0.3642029127286314,0.6942990959736123,0.42793004842394317,0.3651020325379152,0.5736678237495786,0.35917075221802897,0.4692920083430025,0.25376392283721166,0.36169861275789644,0.5076970905507836
FEZ,0.4165088028526619,0.9280639622776053,0.6877479395683715,0.4018857321534306,0.7116806137404071,0.7737226281657628,0.86437771621825,0.9788860939729166,0.7660998479382554,0.8522842019811633,0.8135386924760336,0.9276329777605974,0.777460343448775,0.7995680354064119,0.7839013418231934,1.0,0.516877542842589,0.8725213845543004,0.7790928936814857,0.7147443718856965,0.8240533629976303,0.34631916552479675,0.8812000418780066,0.41457545483982267,0.9657967217625546,0.9295383609847709,0.6804170247882613,0.40946476206927435,0.40877613328010265,0.6899525609305229,0.7333409961281663,0.8808067816589271,0.44410176610352264,0.35353868959126133,0.524129626598773,0.44473553313263925,0.8242342884500328,0.4968280253772768,0.44285510993510924,0.7523114559101124,0.3889945978238997,0.5958418352766839,0.3208144435177312,0.3816383122128228,0.48755605295484256
GLD,0.4190857330299588,0.5685090132883948,0.43038387984371845,0.08042778241246488,0.48861373836248256,0.6133500166793767,0.5429543652181317,0.5243261999548762,0.5326096831454856,0.5675962287958193,0.5403426397391025,0.5627751546683238,0.5056929468516638,0.5227683555500549,0.5329540626395775,0.516877542842589,1.0,0.5750590215833652,0.5118802105825041,0.4638994404857516,0.48970694470007264,0.046171051953262224,0.5327288362934425,0.3280392818305499,0.5944674653037052,0.5684407557446334,0.39910235240258685,0.3196645840729935,0.07217629780883356,0.4181796079413224,0.3498873022765203,0.5312716143003451,0.3523624948434272,0.3223349568299903,0.34313728308556357,0.3605976022103324,0.48713799507018085,0.39997513917547856,0.4596224553513569,0.34645817629920617,0.3536712555222375,0.7085135535829138,0.2514082308267202,0.307437439783293,0.9540173574655549
IEMG,0.5234323519204603,0.921281898904441,0.7223235837504055,0.4746086365881927,0.7582759418487608,0.7904126259338536,0.8688484173296003,0.8567948378338606,0.8692183651629257,0.8433906355846115,0.9111748870018148,0.868562494984858,0.8129780578590481,0.8975862754636538,0.8674357309145538,0.8725213845543004,0.5750590215833652,1.0,0.8461482997760258,0.8883037516507772,0.8383905913141287,0.3990882237484273,0.8679432579143653,0.4471435774445516,0.9221756704302198,0.9215788795151388,0.677375672887075,0.4365460633733026,0.48222550662723396,0.6541034525956422,0.6371010902857509,0.8683812028668602,0.578411901708571,0.43398946872954053,0.5421916138400816,0.47498645371916787,0.8380275264609184,0.545598770990616,0.4735253648462411,0.655436470170279,0.4778666847954204,0.6286860407387304,0.30484615362946227,0.4109100996510892,0.5425894502896336
INDA,0.4091651397231302,0.8291785344836018,0.6123860321828086,0.3866530311554313,0.6535313016948117,0.7226419363779429,0.7787155235428134,0.7691508605678192,0.7125911822456618,0.7578175267364484,0.7581128577408274,0.7940381369075887,0.7244042219103819,0.7408404669210449,0.7230439412640098,0.7790928936814857,0.5118802105825041,0.8461482997760258,1.0,0.6484475842795852,0.7359546327512001,0.3410080586345082,0.7951575861811413,0.3651959525788273,0.825482841027727,0.8308335428964901,0.6167352970736381,0.3959965025828826,0.394123734768671,0.6052441935513498,0.5850239593070891,0.7973744663315342,0.40617408284931067,0.36138035781745553,0.4694460183036639,0.42913216851292435,0.7359830263966126,0.7000056097531878,0.44579351048955995,0.5939615506744813,0.4036058043693712,0.6163152303434225,0.27910996681163514,0.3400831574839049,0.4869548733652606
MCHI,0.5603866584393925,0.7589025338986466,0.5903677690773314,0.34353550721821335,0.6151124439370786,0.6391428139888102,0.7005178614639199,0.6995994025645341,0.8613840688678093,0.6884806059030131,0.7436048277093698,0.7039551058740784,0.6355112143486416,0.7212072766630802,0.7266555516703622,0.7147443718856965,0.4638994404857516,0.8883037516507772,0.6484475842795852,1.0,0.7038734051642216,0.27037683893527487,0.7004252207143521,0.3623494114071213,0.7546764845128254,0.7570507027047269,0.5226284597292646,0.34803579622750985,0.34731308560996227,0.5402899877738037,0.53364846168309,0.7000969954456608,0.6738953121459682,0.3498316421231616,0.434906834030227,0.3907056739643244,0.7031598443360844,0.42375127328064016,0.39084625967234954,0.5543997299935477,0.39104816909883494,0.5125601228668705,0.24627356809868867,0.32742635524393704,0.43583643430273505
QQQ,0.4139296568305648,0.9419609913182668,0.6893410132194412,0.34601247956729103,0.6372820522332213,0.7337303976781822,0.8095642743300783,0.8159704308116873,0.7166015363810051,0.8158197680079823,0.818633022429253,0.7865014733606721,0.6950993822135803,0.7628606643189337,0.6944267474796892,0.8240533629976303,0.48970694470007264,0.8383905913141287,0.7359546327512001,0.7038734051642216,1.0,0.311094281029279,0.9590517578788157,0.3830993884382232,0.8630348156774481,0.9376467728105488,0.6018262307215,0.3752306072752471,0.3468764626156676,0.5611789013869831,0.5811776289165635,0.9590965903558484,0.3894258143735729,0.33136478146991377,0.47118813231940837,0.4117769271621566,0.9991982642074905,0.4450482121027464,0.4245248126401765,0.5869264244517178,0.3732117938764133,0.5989351839574699,0.33598306177658765,0.3493160409320022,0.4647110722095979
SMAL11.SA,0.05506520154715387,0.35254088753164553,0.41652217188886914,0.846960432947298,0.3868103440621285,0.3079616397993918,0.38297184405425216,0.3294604544680802,0.2478914463307722,0.28863583098806617,0.31887546331759176,0.33492837631992145,0.4001345013220978,0.3508155327218333,0.3962273925340316,0.34631916552479675,0.046171051953262224,0.3990882237484273,0.3410080586345082,0.27037683893527487,0.311094281029279,1.0,0.3289741096808235,0.16671120122082275,0.3493378984080068,0.3574425845839136,0.3196065577868656,0.15797696131707564,0.8518014198942893,0.23000107111286083,0.25034764533557224,0.3337437809890065,0.10263927742337076,0.08929496942425606,0.30423322909280653,0.10270146171598861,0.31524118153102415,0.14313398287127493,0.059789065401439405,0.26550998234088735,0.07361475234943192,-0.018069165453872885,0.14208692558115046,0.1411948364317726,0.030559789954832786
SPY,0.4422315915416221,0.9862470345226382,0.7130580973076925,0.3803359228342595,0.6920563537955059,0.7940265287329696,0.8730744002288524,0.8684978983431947,0.760042927842924,0.8650517186917086,0.8313188184466996,0.871804884190786,0.7582581501932566,0.7889474751087421,0.7327085745357929,0.8812000418780066,0.5327288362934425,0.8679432579143653,0.7951575861811413,0.7004252207143521,0.9590517578788157,0.3289741096808235,1.0,0.4500155607849658,0.9253693381932488,0.9850757809239518,0.7257652198101064,0.4238754221374425,0.38251906404051766,0.6411425481550047,0.6330291272264786,0.9992449582867208,0.41058837025121636,0.36429773655147213,0.5167465448987353,0.4567369165026348,0.9589505636822129,0.5031439278246879,0.4845320801796607,0.6410279659932913,0.40043765907918993,0.665898624550154,0.3367912150232306,0.4126803315313108,0.5073509952067333
USO,0.27680835398528114,0.46398425875193344,0.4174794324307341,0.2544435034344937,0.4140983047561201,0.4092759318359419,0.47183347711171025,0.3906820117670453,0.402260666348204,0.38817674841750005,0.3874077656893474,0.4843170905436638,0.4211646900809246,0.35091028328434215,0.39263043562465644,0.41457545483982267,0.3280392818305499,0.4471435774445516,0.3651959525788273,0.3623494114071213,0.3830993884382232,0.16671120122082275,0.4500155607849658,1.0,0.45750303883074794,0.4658050866438699,0.6865431784265413,0.2283820415437618,0.2648596846949668,0.37916257874155174,0.29368480425950055,0.4489975089507916,0.2440796398515083,0.19903739908023552,0.275248106348843,0.24958515497715417,0.38559600478909106,0.25897423632147615,0.25746983734149,0.31779718516040584,0.23313592788059442,0.36882463575814134,0.1430508496422058,0.9084269084534181,0.317578023853313
VEA,0.47279163341753727,0.969430751803595,0.7224948336340792,0.4137886698703135,0.7468519092500818,0.8309387893715187,0.9213850238663115,0.9529448273016605,0.8190074303588895,0.9269019590301516,0.8627390663493434,0.9587338974422094,0.8109110957625868,0.8512673915399074,0.8140375991414461,0.9657967217625546,0.5944674653037052,0.9221756704302198,0.825482841027727,0.7546764845128254,0.8630348156774481,0.3493378984080068,0.9253693381932488,0.45750303883074794,1.0,0.9714670352471741,0.7278939406797134,0.4640624986012895,0.42022698401612696,0.7180260638510968,0.7109826124714744,0.9248555486796516,0.4873822922313139,0.40843023719429694,0.5489891855970388,0.5108686135679313,0.8626575999205028,0.5453589382448613,0.50217527372858,0.7246819800156132,0.43993993354400396,0.6708438017341245,0.33030862053009685,0.42310614851571715,0.5642109734687437
VT,0.47082076488250296,0.998309048907376,0.7390010924879156,0.41515319191052347,0.7358077323668151,0.8266444865997212,0.9117657698516553,0.9158645838742807,0.8093893418007625,0.9014630625746,0.869974584153501,0.9216883322660611,0.8011869428956209,0.8372777199023282,0.7927496936979143,0.9295383609847709,0.5684407557446334,0.9215788795151388,0.8308335428964901,0.7570507027047269,0.9376467728105488,0.3574425845839136,0.9850757809239518,0.4658050866438699,0.9714670352471741,1.0,0.7422821441236725,0.45212359094415794,0.41973283596704186,0.6848317648284304,0.6772049894291701,0.9850489873003674,0.4646634522421101,0.39276748802259115,0.5435589549504626,0.4861294488552866,0.9376377579183256,0.5341641346800133,0.5010628508451954,0.6883817444385134,0.4315797821592463,0.676854995935061,0.3421340891323948,0.4290737436847423,0.5401342906144426
XLE,0.35453509438021386,0.7348832442562521,0.5978189995876351,0.41863635643317226,0.6078248256572667,0.6333882683346449,0.723156016727806,0.6547898626900616,0.6062929208911557,0.6481895687081051,0.6116035210701347,0.7498244738342333,0.6432206637589384,0.6005202189337812,0.6028731865775733,0.6804170247882613,0.39910235240258685,0.677375672887075,0.6167352970736381,0.5226284597292646,0.6018262307215,0.3196065577868656,0.7257652198101064,0.6865431784265413,0.7278939406797134,0.7422821441236725,1.0,0.35161798832136165,0.4275228159429085,0.5755662232604143,0.5057932944237893,0.7258223692383705,0.3388652700178127,0.3035021419948476,0.43650700950383964,0.35998840112476294,0.6035970056852078,0.40704860986964525,0.3810139512986803,0.5240442501740495,0.31241746948719645,0.47789062520009956,0.2399978951712836,0.6526993196808425,0.380821799826763
^AXJO,0.4120667056088989,0.449516438008018,0.3305674298859169,0.20513603518079204,0.34889620056099147,0.42920866864974877,0.5256365433229666,0.4110625655486741,0.4408703022488208,0.42189743123620127,0.41634903768013837,0.4519913414958854,0.39425279697494725,0.41372509895408355,0.3557613144617924,0.40946476206927435,0.3196645840729935,0.4365460633733026,0.3959965025828826,0.34803579622750985,0.3752306072752471,0.15797696131707564,0.4238754221374425,0.2283820415437618,0.4640624986012895,0.45212359094415794,0.35161798832136165,1.0,0.20657764137522072,0.5706784078439817,0.521755793697862,0.42612231771748754,0.5580429532358698,0.6013623239003824,0.47897879728485016,0.6043444722810225,0.3709859067802088,0.4845244741838022,0.6725865390830058,0.5277942279429708,0.5455218927949976,0.41526208068663045,0.13157371224466574,0.21056516795253052,0.322088454652528
^BVSP,0.10461390740065446,0.4141725145191916,0.4543119499028582,0.9787815057694115,0.42812857824217154,0.3508124789406171,0.4631924627104973,0.3894596207742267,0.3326317549031697,0.3459561238444784,0.38097723076275836,0.4166352324775697,0.46305239976853296,0.4183761799346918,0.4777197878104197,0.40877613328010265,0.07217629780883356,0.48222550662723396,0.394123734768671,0.34731308560996227,0.3468764626156676,0.8518014198942893,0.38251906404051766,0.2648596846949668,0.42022698401612696,0.41973283596704186,0.4275228159429085,0.20657764137522072,1.0,0.2974561679862371,0.3018230928670319,0.3862495766185135,0.17141860813679013,0.13941671015579532,0.3538086169588621,0.15273201481651252,0.3507432633296352,0.1810058448916876,0.09252136950594897,0.3214709649057454,0.12836486351932144,0.012825634429662633,0.15794200457270466,0.2359576313370266,0.06089671382657949
^FTSE,0.44496951364269727,0.6823225453309594,0.5177350853295978,0.29125660648668544,0.553425418806863,0.5852016337267134,0.6442263556108171,0.686701606231035,0.6291746895659369,0.6431378129062402,0.6006620418469015,0.7501583379199801,0.5863822216036686,0.5836009315826634,0.5722812277980386,0.6899525609305229,0.4181796079413224,0.6541034525956422,0.6052441935513498,0.5402899877738037,0.5611789013869831,0.23000107111286083,0.6411425481550047,0.37916257874155174,0.7180260638510968,0.6848317648284304,0.5755662232604143,0.5706784078439817,0.2974561679862371,1.0,0.7971703267404112,0.6413755871329831,0.5078107220791223,0.49045095647546955,0.512742578805024,0.5364151753933442,0.557496510194007,0.5632671701824399,0.5833929597537172,0.8074520491390007,0.5016497752642677,0.5685523305903966,0.22204054035453732,0.3677364865142047,0.4171165292995153
^GDAXI,0.3816124631317294,0.6735382993880038,0.5092770745895157,0.29516285326972796,0.546026049077836,0.5478804204449685,0.6160344788952736,0.7573412843259495,0.5877218959152066,0.6398558263980825,0.5949905168936941,0.691715574384725,0.5734302963402785,0.5761899023995818,0.5582510513961809,0.7333409961281663,0.3498873022765203,0.6371010902857509,0.5850239593070891,0.53364846168309,0.5811776289165635,0.25034764533557224,0.6330291272264786,0.29368480425950055,0.7109826124714744,0.6772049894291701,0.5057932944237893,0.521755793697862,0.3018230928670319,0.7971703267404112,1.0,0.6344181575815993,0.4956402767654508,0.45347498037074885,0.5078854820867933,0.497651562584842,0.5787521182803427,0.525587482661773,0.4999787246359385,0.968934457056351,0.45963524399973926,0.48486587999076725,0.2346576933000168,0.27874720056728614,0.3477040140158341
^GSPC,0.44054219203297423,0.9859107385756,0.7124331572929655,0.3841046001756781,0.6928450258905889,0.7966636035867544,0.8745953508280844,0.8681577362884009,0.7596665830044274,0.8628871946947235,0.8303187272390189,0.8718025543420485,0.7586971821976557,0.7893327958620368,0.7326644049761687,0.8808067816589271,0.5312716143003451,0.8683812028668602,0.7973744663315342,0.7000969954456608,0.9590965903558484,0.3337437809890065,0.9992449582867208,0.4489975089507916,0.9248555486796516,0.9850489873003674,0.7258223692383705,0.42612231771748754,0.3862495766185135,0.6413755871329831,0.6344181575815993,1.0,0.40926505977266847,0.3628606765777224,0.5148001302095839,0.4559112692354214,0.9595707700262666,0.5021236126826221,0.48352856163444324,0.6422420716050736,0.40126874148888797,0.6632891251936542,0.33661990780308093,0.41160747346136584,0.5061120747817152
^HSI,0.6152561876429581,0.4657424703350594,0.3527929514399544,0.1685774749572824,0.4145316437744233,0.4117933879546989,0.4429596739377772,0.4371816927552718,0.6812098376734803,0.4504601065908935,0.5006736013009836,0.4637102343226403,0.400841053116126,0.4990613257625661,0.44856369650945765,0.44410176610352264,0.3523624948434272,0.578411901708571,0.40617408284931067,0.6738953121459682,0.3894258143735729,0.10263927742337076,0.41058837025121636,0.2440796398515083,0.4873822922313139,0.4646634522421101,0.3388652700178127,0.5580429532358698,0.17141860813679013,0.5078107220791223,0.4956402767654508,0.40926505977266847,1.0,0.5236531556848698,0.4171605687506154,0.5073694485016155,0.3856635064675512,0.49203169400191205,0.4775224344531542,0.5158037065653949,0.5282803529315266,0.4305245670960544,0.13527688342958924,0.23525306292488868,0.33756453640647766
^KS11,0.4481117382179926,0.39333109392385684,0.30743565793332267,0.13850850050881486,0.33485950695277145,0.33013469693126796,0.3571533393920756,0.3566360054583646,0.41792394810826555,0.39284683856998553,0.43087327950118914,0.3802819697910629,0.33856043467165947,0.520548644817208,0.33297458541829783,0.35353868959126133,0.3223349568299903,0.43398946872954053,0.36138035781745553,0.3498316421231616,0.33136478146991377,0.08929496942425606,0.36429773655147213,0.19903739908023552,0.40843023719429694,0.39276748802259115,0.3035021419948476,0.6013623239003824,0.13941671015579532,0.49045095647546955,0.45347498037074885,0.3628606765777224,0.5236531556848698,1.0,0.3806693080175538,0.6422144254513981,0.3251350324411981,0.5289508713790682,0.5671027401656304,0.45953834128582344,0.6487005106582582,0.40343837081490463,0.10081868536793005,0.17522233820280367,0.3248269335359679
^MXX,0.3260921534494353,0.5429005269850098,0.46557551838759775,0.34799115743017384,0.49372807154101267,0.46704145258094887,0.5120910297248795,0.5140791256838716,0.4753439451327978,0.4960726761439611,0.4907641676513608,0.5304408686792271,0.702868080222477,0.4834449691538044,0.5071349118186862,0.524129626598773,0.34313728308556357,0.5421916138400816,0.4694460183036639,0.434906834030227,0.47118813231940837,0.30423322909280653,0.5167465448987353,0.275248106348843,0.5489891855970388,0.5435589549504626,0.43650700950383964,0.47897879728485016,0.3538086169588621,0.512742578805024,0.5078854820867933,0.5148001302095839,0.4171605687506154,0.3806693080175538,1.0,0.3901368399049609,0.469425428727389,0.43269293736641445,0.4353157263304068,0.5180114392953727,0.3627178694410225,0.3963390772983911,0.18317808346570894,0.2571077653687429,0.32705451341548886
^N225,0.4511910034200258,0.488700132324654,0.36562768317388006,0.15029520022639722,0.3845330088725239,0.40926148156791414,0.4399768526752223,0.44050362658105613,0.45111881939829934,0.5719572750017826,0.4669773344098868,0.468397995698427,0.40704023608256595,0.4552079975489589,0.3642029127286314,0.44473553313263925,0.3605976022103324,0.47498645371916787,0.42913216851292435,0.3907056739643244,0.4117769271621566,0.10270146171598861,0.4567369165026348,0.24958515497715417,0.5108686135679313,0.4861294488552866,0.35998840112476294,0.6043444722810225,0.15273201481651252,0.5364151753933442,0.497651562584842,0.4559112692354214,0.5073694485016155,0.6422144254513981,0.3901368399049609,1.0,0.40484457437078675,0.5064058781619841,0.5697550704341123,0.5114274155638557,0.6000129306365191,0.5010104532466836,0.14638925079090653,0.22803620128299676,0.361300717438335
^NDX,0.41017618970640524,0.9414529816682612,0.689469296887264,0.3495817597365506,0.6386006807496994,0.7346519940721887,0.8112649136013085,0.8158523682199268,0.714977914523281,0.8135935010306156,0.8176998304391087,0.786020783495231,0.6937773389189777,0.7621914653997841,0.6942990959736123,0.8242342884500328,0.48713799507018085,0.8380275264609184,0.7359830263966126,0.7031598443360844,0.9991982642074905,0.31524118153102415,0.9589505636822129,0.38559600478909106,0.8626575999205028,0.9376377579183256,0.6035970056852078,0.3709859067802088,0.3507432633296352,0.557496510194007,0.5787521182803427,0.9595707700262666,0.3856635064675512,0.3251350324411981,0.469425428727389,0.40484457437078675,1.0,0.4418080207755039,0.41843673335887327,0.5845965815297884,0.36821000150806743,0.5957474687755944,0.3371838594357737,0.3507869494019965,0.4616171240052323
^NSEI,0.440647549804453,0.5318838195490032,0.3861457658719324,0.1805121178346565,0.42581512518773773,0.4746744157266701,0.4740333376648232,0.49659689057100515,0.49991599226254796,0.5236625104761414,0.500990707737939,0.5288112919015736,0.4558824204894599,0.4746603187140119,0.42793004842394317,0.4968280253772768,0.39997513917547856,0.545598770990616,0.7000056097531878,0.42375127328064016,0.4450482121027464,0.14313398287127493,0.5031439278246879,0.25897423632147615,0.5453589382448613,0.5341641346800133,0.40704860986964525,0.4845244741838022,0.1810058448916876,0.5632671701824399,0.525587482661773,0.5021236126826221,0.49203169400191205,0.5289508713790682,0.43269293736641445,0.5064058781619841,0.4418080207755039,1.0,0.5430046405024178,0.5330530088148488,0.5089311275148223,0.5539660929628335,0.18672555765326068,0.24893211137517587,0.3880506116651483
^NZ50,0.49025512618623607,0.4996908171233188,0.3584026832746512,0.09556139450221286,0.3840400209258244,0.6142077227767548,0.447892290630098,0.4481686131067214,0.4845234241934349,0.4805753028970541,0.4492582368749094,0.4878865540960526,0.4290680671774924,0.4250932616034513,0.3651020325379152,0.44285510993510924,0.4596224553513569,0.4735253648462411,0.44579351048955995,0.39084625967234954,0.4245248126401765,0.059789065401439405,0.4845320801796607,0.25746983734149,0.50217527372858,0.5010628508451954,0.3810139512986803,0.6725865390830058,0.09252136950594897,0.5833929597537172,0.4999787246359385,0.48352856163444324,0.4775224344531542,0.5671027401656304,0.4353157263304068,0.5697550704341123,0.41843673335887327,0.5430046405024178,1.0,0.5029342682484573,0.5501643931135075,0.6205563051397198,0.17781230061627712,0.23925963575547823,0.45891116439802865
^STOXX50E,0.38771865985312154,0.6854061179494719,0.5176363703562272,0.31303236824208985,0.556875147135737,0.5547861004665533,0.6269793828587918,0.7401970361672287,0.607705720775647,0.6520841040679943,0.6110673569029906,0.7085511363238773,0.5915245204231707,0.5898605061832601,0.5736678237495786,0.7523114559101124,0.34645817629920617,0.655436470170279,0.5939615506744813,0.5543997299935477,0.5869264244517178,0.26550998234088735,0.6410279659932913,0.31779718516040584,0.7246819800156132,0.6883817444385134,0.5240442501740495,0.5277942279429708,0.3214709649057454,0.8074520491390007,0.968934457056351,0.6422420716050736,0.5158037065653949,0.45953834128582344,0.5180114392953727,0.5114274155638557,0.5845965815297884,0.5330530088148488,0.5029342682484573,1.0,0.4657329762281285,0.48587946708164276,0.23589606295420096,0.30189602217799766,0.34293637986057907
^TWII,0.47112222802338205,0.4314093894681726,0.31907542806433414,0.12762598578671672,0.35724694947851504,0.39848952893643313,0.39415344892974014,0.39471408458731455,0.4508443650034508,0.4225511144776208,0.5630723304455145,0.41981637012408546,0.3668805119029425,0.4503435333379663,0.35917075221802897,0.3889945978238997,0.3536712555222375,0.4778666847954204,0.4036058043693712,0.39104816909883494,0.3732117938764133,0.07361475234943192,0.40043765907918993,0.23313592788059442,0.43993993354400396,0.4315797821592463,0.31241746948719645,0.5455218927949976,0.12836486351932144,0.5016497752642677,0.45963524399973926,0.40126874148888797,0.5282803529315266,0.6487005106582582,0.3627178694410225,0.6000129306365191,0.36821000150806743,0.5089311275148223,0.5501643931135075,0.4657329762281285,1.0,0.46650353893093,0.13154092432657566,0.22440993050666758,0.34611365316099735
BRL=X,0.5450254286911486,0.6787150394535509,0.45225243859009173,0.01822189998840315,0.5054508352128226,0.6396476257416494,0.5754970522079161,0.5977415778982417,0.6194093695672297,0.6667883717531017,0.5969500453165614,0.6398850288243126,0.5485390711006546,0.537769040952601,0.4692920083430025,0.5958418352766839,0.7085135535829138,0.6286860407387304,0.6163152303434225,0.5125601228668705,0.5989351839574699,-0.018069165453872885,0.665898624550154,0.36882463575814134,0.6708438017341245,0.676854995935061,0.47789062520009956,0.41526208068663045,0.012825634429662633,0.5685523305903966,0.48486587999076725,0.6632891251936542,0.4305245670960544,0.40343837081490463,0.3963390772983911,0.5010104532466836,0.5957474687755944,0.5539660929628335,0.6205563051397198,0.48587946708164276,0.46650353893093,1.0,0.2617165797501273,0.35142834651116744,0.6817769058699074
BTC-USD,0.1648872794827319,0.3401991756788493,0.2853449833078302,0.1514843676169153,0.25091861574497165,0.3139213572660547,0.3160812744089397,0.31961667454241227,0.2539744555406721,0.2930208377975182,0.28925362392023035,0.30560781077704763,0.2538936674428696,0.2790613515087152,0.25376392283721166,0.3208144435177312,0.2514082308267202,0.30484615362946227,0.27910996681163514,0.24627356809868867,0.33598306177658765,0.14208692558115046,0.3367912150232306,0.1430508496422058,0.33030862053009685,0.3421340891323948,0.2399978951712836,0.13157371224466574,0.15794200457270466,0.22204054035453732,0.2346576933000168,0.33661990780308093,0.13527688342958924,0.10081868536793005,0.18317808346570894,0.14638925079090653,0.3371838594357737,0.18672555765326068,0.17781230061627712,0.23589606295420096,0.13154092432657566,0.2617165797501273,1.0,0.14621885722374434,0.23960963190734264
BZ=F,0.2608180126730787,0.4268938629755727,0.389615099011504,0.22614108521960397,0.3855429185912798,0.37392148146582666,0.4362323156306961,0.35867355284772284,0.3728822428389192,0.355172069490507,0.35945364304417315,0.4521250589608522,0.3857056618753706,0.3235332663005025,0.36169861275789644,0.3816383122128228,0.307437439783293,0.4109100996510892,0.3400831574839049,0.32742635524393704,0.3493160409320022,0.1411948364317726,0.4126803315313108,0.9084269084534181,0.42310614851571715,0.4290737436847423,0.6526993196808425,0.21056516795253052,0.2359576313370266,0.3677364865142047,0.27874720056728614,0.41160747346136584,0.23525306292488868,0.17522233820280367,0.2571077653687429,0.22803620128299676,0.3507869494019965,0.24893211137517587,0.23925963575547823,0.30189602217799766,0.22440993050666758,0.35142834651116744,0.14621885722374434,1.0,0.2998609499849636
GC=F,0.4011705522490025,0.5404164607051861,0.40504351941232025,0.06561273907513936,0.47269350060903037,0.5872666928600141,0.5171693924182417,0.49779595698126045,0.507010819706165,0.5394615067064816,0.5056214913697861,0.5384862429745534,0.47722535033329344,0.48859000680035625,0.5076970905507836,0.48755605295484256,0.9540173574655549,0.5425894502896336,0.4869548733652606,0.43583643430273505,0.4647110722095979,0.030559789954832786,0.5073509952067333,0.317578023853313,0.5642109734687437,0.5401342906144426,0.380821799826763,0.322088454652528,0.06089671382657949,0.4171165292995153,0.3477040140158341,0.5061120747817152,0.33756453640647766,0.3248269335359679,0.32705451341548886,0.361300717438335,0.4616171240052323,0.3880506116651483,0.45891116439802865,0.34293637986057907,0.34611365316099735,0.6817769058699074,0.23960963190734264,0.2998609499849636,1.0
