data,ACWI,ARGT,BOVA11.SA,ECH,ENZL,EWA,EWG,EWH,EWJ,EWT,EWU,EWW,EWY,EZA,FEZ,IEMG,INDA,MCHI,QQQ,SMAL11.SA,SPY,VEA,VT,XLE
2015-01-31,120.89933845715495,42.10606131075929,45.61000061035156,71.14254313516722,71.96679016898452,35.82902110785244,56.234719578089425,38.89167096499591,96.50190200368434,45.9711637325986,61.10132608707863,110.34236443516329,116.9890104660999,104.51723771975594,69.81139181316348,91.01038019439238,73.5205481007315,106.4879596285009,241.74830835624925,46.790000915527344,429.482081279315,70.86641373312477,120.59718662264459,63.10563860666889
2015-02-28,142.5116008074565,51.6456764666118,50.0099983215332,86.15592673327046,85.40850516127057,43.24297812312011,66.52233730604394,43.530825162368956,115.88366077734645,53.95664769438599,72.27477892266916,131.9555988285938,133.00434832235442,118.28946361391263,83.00557802467301,105.96046793531787,85.64438458971836,125.24965489057922,289.5883725446838,49.4900016784668,506.7950555098687,84.05050987435197,142.75310419634388,73.74118089530293
2015-03-31,155.94657907981855,59.86593908428404,49.5,93.31369245957148,92.78468525347989,46.35838363017797,74.22121114209403,48.830800401793795,130.5643242826136,58.94513280117053,75.68075269318797,141.06060155843352,149.29220325523147,128.59729909309863,91.24966969408206,116.06003628373855,90.90244372289362,142.86440943633352,314.00138484455056,49.91999816894531,553.9567251920744,92.20084771247912,156.6030171282364,80.94351726601872
2015-04-30,146.82549853748424,57.565303076400596,54.619998931884766,89.49965516077964,85.96291778991508,43.28481168463804,67.43250810555173,48.48469548031562,122.65052717300114,56.3507880793677,73.8846007238476,130.5804678074128,146.02624075481162,124.14816543311917,85.24036550619257,113.94252695694831,76.43915853480758,150.38738202089007,292.9246489390953,51.36000061035156,512.0125170068823,87.65260138881422,146.98974517268107,78.95644490729092
2015-05-31,157.0541128333207,58.75127850366425,51.349998474121094,93.55781848822517,86.4412435328586,44.75162542344606,70.88825820939292,51.62258291818944,133.1333023175921,59.909822787908524,79.5254782614029,139.41524658726848,147.59379235706547,122.1266135386486,89.82086316359073,117.43679716723818,84.99146677249428,153.60113085991543,320.3763745869401,50.25,554.7229745268487,93.71362159781256,157.75255510705392,80.07473798841602
2015-06-30,150.90224131053674,55.268791711261656,51.459999084472656,86.48842490925927,79.55493448771767,42.173291578662656,68.12621139402745,49.14099847102739,129.54378430926408,57.06160050695735,75.40059506612442,135.16577802078154,138.79108410411573,122.30197728407165,86.68793681935495,112.41052375876279,83.37665701643164,143.29558534623902,308.1250056735662,49.56999969482422,535.9878552633927,89.7355733376271,152.13050507391017,76.2233886000613
2015-07-31,164.64008312243095,54.674219679473026,49.369998931884766,87.69838763382722,86.53472457361204,45.39780423487173,74.91056036633381,52.39854005209054,141.49494482531736,57.560489054740174,82.88895021680219,144.29338365887816,139.4782177437446,125.9544745626772,96.68881215013243,113.66547668098065,92.63855825010978,138.46083390795684,348.6247192918381,47.709999084472656,593.1040828299592,98.52499188727961,165.4528097732691,76.13960288475937
2015-08-31,162.89659936720273,57.15918559510919,45.34000015258789,91.30874844856044,84.91431214357908,42.96792259297581,73.9442771463091,48.24798093391473,140.8112620867505,55.502249812815535,80.97634823718909,143.70336569736173,138.417061723183,123.4597052523568,95.17545752938713,109.38529702426604,88.91899169946191,129.55092459583102,344.8675401203436,43.47999954223633,591.3055385800981,97.03542758568983,164.00940056482068,77.39856283261906
2015-09-30,178.20640982512305,57.25475051938611,43.43000030517578,97.33318337380024,95.48498271126482,46.77402591852251,78.68458913993072,54.20774082114076,150.44656687347378,61.93858284232647,88.13721795138372,158.83130121724935,159.8974402589156,130.57837688531254,102.23082194501058,121.48889699670235,102.45999397074411,145.80636500672335,382.08497388587784,42.18000030517578,652.8118462802377,105.44825489627146,178.9151070117714,81.37913713448506
2015-10-31,181.9282155269775,67.94338953826673,44.400001525878906,97.70359670487323,102.89100269728715,46.82996266979649,81.76272246568715,55.141026161829586,153.7738655437679,62.0377568898889,89.08596214446061,159.84726676369974,169.03427902188923,131.39067229036118,104.87631545962722,122.28108378330671,96.85453872252174,149.2795333879967,403.51865786716917,44.4900016784668,671.7034733582295,106.72792962084077,182.02322425208695,85.78239232145188
2015-11-30,180.80167994573458,64.24591291556135,43.70000076293945,90.76478852334594,101.1901967054655,47.21017094770423,82.1144217446681,53.965496537146464,154.39020920178882,60.334555872634155,87.53194535044122,156.41190299190566,164.04429381266164,123.04998428121417,103.35554880551399,119.3770808363247,93.305570408721,147.41709184090178,405.62700093077,43.56999969482422,673.5798844471938,105.82336953159393,181.71371641759015,85.69611275010539
2015-12-31,182.30701223989217,63.89737674745902,42.130001068115234,92.32074804097647,111.3131620293243,49.66017157451847,81.28904515576824,55.43588597876146,156.82499368637582,60.481514775328606,86.40359893610548,152.01985142575722,162.71972877593998,112.88563727221162,101.90639223898916,118.70620234748776,96.95829082282944,146.96859271154062,411.1389092542522,41.529998779296875,681.807056381218,106.6740042308802,183.080076910589,78.98517870768046
2016-01-31,177.45227091010565,62.30023942251228,39.189998626708984,97.00510158504312,107.0591292383242,47.49078868551851,77.62109432995385,51.662623097739015,152.95068467339297,60.02551035228453,84.52021208578117,151.7420374101912,160.75686578703244,113.8465124766035,98.35832729437516,115.6652004180205,94.15262888351845,132.98646312303572,393.3966331986776,37.709999084472656,665.9222102128115,103.58602729870836,177.14485360030085,78.34709719248076
2016-02-29,170.82881997918685,65.54931871359668,41.45000076293945,96.18800850726029,107.52067805933439,45.35140960974945,72.65183711110649,50.69943816084992,141.19447829881483,60.93600906385632,79.81940439254822,148.20032325617285,152.93821414729155,108.48858458094173,91.76181837721924,111.66872031111643,84.85988375630723,126.57195501412843,377.4981987090159,39.650001525878906,648.6358913853,97.86577364123377,170.77878935653007,74.23767778180672
2016-03-31,166.4045301593551,62.05695263247435,48.63999938964844,96.99771598758707,111.02076278411232,45.99129069431319,72.58301898586251,50.25655301563097,134.1827907262932,59.661427369053854,76.29094162532556,148.89572427084022,157.26899224002955,116.4354419586789,89.56122506871361,113.99558687101262,86.90415178453804,127.25788641908548,365.8654597630393,44.25,627.9064791948076,95.15037018936027,167.25078190866589,74.18107382598737
2016-04-30,163.1724533756642,64.46172820313222,52.150001525878906,96.9866645541515,109.22938980849722,45.90772916909373,71.59844250436436,48.6544355258593,129.95335970546876,54.39809968837835,76.78756862358568,144.98842401837464,150.53624023079465,118.38391176450386,88.9311569909114,111.04782194703148,83.90516836134339,122.44356629242247,342.7409545316186,46.650001525878906,609.9767816347594,94.20031870768071,163.46432214071683,78.28640924302817
2016-05-31,167.84442437867256,66.2775759680153,47.02000045776367,91.79051984676335,112.38399977639347,45.931230725664136,72.56342688748191,49.80501702239053,137.54509457048698,56.964764855683825,77.80581494622311,137.20010419550817,146.97556181214168,109.51409927210989,90.61105993218007,109.96115377916794,87.83181279000928,125.47015927520988,366.73449871639605,44.2599983215332,635.9884430482634,96.2851044225863,168.67699552542035,79.51042203745601
2016-06-30,152.25182952233808,64.48808469282903,49.900001525878906,88.71602119667523,105.9001792037534,42.27636455779361,62.570496043530056,45.718006665016446,122.7180409682569,54.45003495367564,69.00306241733915,127.2248241597681,139.58014209553676,107.80357099445064,77.62385933776704,104.12831985682169,81.04173915186266,115.08256408197121,325.24861026237886,48.45000076293945,579.1986823048901,85.58388172238801,152.7996343620771,74.12304615654602
2016-07-31,160.1538470784617,66.22058514498985,55.68000030517578,93.96210049733963,116.05587075065341,46.02762491737667,67.64629438483462,49.46783961064739,130.45483360959588,59.04497831560366,70.99395274961626,127.19897414629486,151.24515335779506,119.36144496851011,82.22018532436869,110.92662512714014,86.94667383092565,121.14300092860503,353.27522425777715,55.5,608.5369898847493,90.36151158954908,161.31860706457155,74.19038236152574
2016-08-31,158.49441711385043,64.99255363263183,55.93000030517578,88.01925450530416,115.19915555264197,43.939172920127476,68.1732901640903,49.09152258205336,131.00916456925825,58.233580337158855,70.78136607722445,127.44592373704381,151.01589838762538,107.0433442393205,81.78742309404197,110.49706352763496,85.7808786267451,126.91512084519309,352.07916647089405,55.5,600.8931238920704,89.4827253316821,159.65420951729175,74.39797859754572
2016-09-30,161.09535079374382,69.52004801898738,56.560001373291016,89.52908319550716,116.07426788123121,45.73255658033986,68.80432218213173,51.73634260879567,134.71295455564814,61.252327005393,71.58976642707785,123.27178508988709,156.86916724273487,115.05124823261667,82.46909008516468,114.27163417777138,85.93885379572157,132.55285268921853,362.3740967696813,55.58000183105469,605.1052368514502,91.58053095334253,162.01562212408135,77.67813891442984
2016-10-31,155.2905248310708,68.09243807297207,62.900001525878906,95.33136098791601,104.43080465329331,43.610724606037365,66.69130788667417,49.82783467626746,133.34027743494516,60.426211311539646,66.62436688034177,127.01860755337293,146.7915524396176,111.51468681468941,80.57704877838887,111.14400335952723,83.39446664269872,126.42635956999584,350.93624318810726,59.5,584.361395644828,87.83620432946009,156.08203792921813,74.1872709896711
2016-11-30,169.17788474603185,71.29326705769654,60.0,96.36335624833464,110.89788256432803,47.39503626305009,68.91364784223924,52.73142756101129,141.98357102904902,63.54329087539145,71.98261335119923,118.88017048311212,152.30398286687523,110.5450111485834,83.70918148308829,114.87832167268425,83.38802936441289,135.01825054626897,380.05288364037006,55.0,653.3102207869633,93.28420630878918,170.30149226115464,86.76678996854935
2016-12-31,162.43389053058308,67.23605875241219,58.2400016784668,90.65670936168772,101.6190350642978,45.35281417447095,69.22921282769494,46.181310509709874,132.46597998542256,58.51919272597115,70.16183725322662,112.07011206623065,145.03467347200512,108.35996108971813,84.31670067664754,107.60597843377127,78.39081609382674,120.41400648366107,361.93214564550544,54.099998474121094,627.666213240991,89.99269273061373,163.27449564887047,83.11876859630047
2017-01-31,160.63858930487368,71.955985455661,62.38999938964844,90.5214211410862,106.85008507052498,45.76060826457979,69.11796891752238,47.91214366481927,131.75671097764462,60.35448164768877,69.09610839741299,109.75824365382505,151.5843755979813,109.10731641337134,82.3855579284209,110.20729343232506,79.68994774544262,124.39896186022816,365.6993769777364,60.5,613.9887678900632,89.65561458584034,161.6161307192442,77.31171153835294
2017-02-28,163.6107043209995,73.16126198885468,64.5,93.19796518014664,105.35363591447094,46.98463970147259,68.69621465620548,48.915347720320824,132.613652439828,61.61952245452085,69.65362607065799,112.13953792769462,152.37405875354307,108.65902292103783,82.26211356170825,111.72170175702558,82.83213245810475,128.0644586144408,379.2321265875289,63.79999923706055,633.9892788903817,90.01679893744222,164.89064076646173,75.21049295175726
2017-03-31,168.07648990942562,79.71942116051014,62.779998779296875,102.13787458681236,104.51473972093936,49.05820554617776,72.74650254450125,51.05168848682479,135.1328423244604,64.0807333375692,72.02077386689871,126.22674254758294,163.18485324118046,110.5432726681538,88.82805782914647,117.24616010643513,89.11355469631144,133.06439041486738,392.20171901706635,62.77000045776367,643.4489523812517,94.03659704058418,169.60987459307125,75.1045158677457
2017-04-30,172.59870842508462,81.79161489920261,63.189998626708984,101.75246336643795,106.52433770019343,49.24984424633294,75.8965432964942,53.10062255375669,137.52138598192687,65.79357444138623,74.014821699393,129.03698056561552,165.5294789020445,118.37587153195273,93.42561185349041,120.74646710971138,91.74650116619887,137.78907047026223,407.1722674098055,64.9000015258789,656.7313644427486,97.13824608297728,174.19547145664183,73.66456505906172
2017-05-31,180.5763448192074,88.48086237071584,60.560001373291016,104.08189571912817,113.05966776584864,48.235329855245936,81.19581899694231,56.13441047749711,144.64956838199396,68.58367681858454,79.21839143436819,131.7260771627134,184.7712811022402,123.22182818409601,99.95397919434072,126.4903130411758,95.28835192640008,148.23749483351276,433.02825326469247,64.37999725341797,681.7229189164027,102.82263104277263,181.77826602156802,72.73610080014487
2017-06-30,184.5967225326458,86.7243053155762,60.93000030517578,104.18274708786339,122.38824105430103,50.42229700981261,81.9138689820611,57.35678407213709,148.65752189415798,72.35531628329773,79.08475786224153,141.13034314535616,187.65897446167946,120.16733704417129,100.32845264694333,129.74078782490687,95.67780060485529,153.4632462761656,429.03129838453606,64.43000030517578,695.8661389366025,104.95556382969517,185.53796634326864,73.6924333139541
2017-07-31,182.46465797732526,84.61000326333306,63.720001220703125,109.35674358304823,121.26893666580145,50.79640384286904,79.9592300742006,57.18801829476433,145.9904087522591,71.25212055008888,77.8951142234655,141.72993854917877,185.5889365261828,122.61109260463854,99.66780955099239,131.69052824268874,98.53786676903837,160.39833232396632,429.5582198150805,69.75,683.2908478099853,103.89148353337077,183.24767622019863,72.75999585417594
2017-08-31,182.10727646092164,84.13507552542251,68.41000366210938,115.1387764245228,117.89078490888551,50.38305038827207,79.61306232854349,57.807812871831175,144.98958236222734,72.53129624801113,76.7964002919648,141.31239727072807,181.22951607370305,126.68412590514072,99.19973276250403,133.93261392183194,97.23909315615992,166.39536070976283,435.8577499982166,75.80000305175781,681.2085757380264,103.29787989792567,182.91981092732294,68.36453115469294
2017-09-30,186.82908919128568,90.68374943418257,71.58000183105469,117.07608684795923,120.06606789988291,50.265156816293256,84.52260595751432,58.212259136521425,148.67269128942644,70.34949391651935,79.64181772481061,137.61394768626997,184.0699971432823,119.87786690919529,103.96685037495445,134.89465571882465,94.30231694133454,170.50529243130586,437.6112533157211,78.4000015258789,699.7965166793365,106.63596754572063,188.08182099519217,75.85264984186415
2017-10-31,197.23070827993797,94.30650355078978,71.7699966430664,127.26333491536207,120.00057411164744,52.54839087648725,89.07368291825696,60.13508010422811,161.7541159359971,76.73050703729677,82.80178707990854,131.07100967678707,205.92782562496723,126.33387859805953,108.48639616946457,143.9487555512751,104.54716996378556,182.38116419807193,473.08164087624755,77.4000015258789,740.2460023135645,112.15767275547842,198.46829882232123,77.73740446264856
2017-11-30,198.61319559627736,93.87268651328486,69.4000015258789,110.33948006484752,118.31917259769034,52.0289578766733,88.37408816607422,61.71460148263941,163.09299245398142,73.75060357722032,81.63801864166089,129.0165634487621,204.32584548756313,133.25537321091906,106.4153296620807,142.26598640248994,101.84847999816702,182.6146220041046,476.17263090147753,75.2300033569336,753.0095911864628,111.65985861741683,199.61914997012718,78.07697481643663
2017-12-31,205.61081739942892,105.32910819758399,73.81999969482422,130.86399531988718,128.32453884395363,55.35271034506877,89.8078595777406,64.15990113870066,167.58400647689996,75.55102792590333,86.8161494119704,130.60103377574706,214.06072582030902,150.06273947263253,107.1347820986557,150.49859201135405,108.60046525260259,189.61125134286704,488.83266498800367,80.94999694824219,777.7146717140567,115.82612910526223,206.94594814835,83.87054814273142
2018-01-31,208.69518029487153,109.3064139202852,82.0,134.81763775008403,128.8053159019546,54.529116896842424,91.43572857556592,64.46979102695877,169.00579042503523,77.41686865774682,86.48426093832313,135.1296397819806,214.63306751114942,148.52499898246606,110.02830977382473,156.04786961991522,107.69570524994379,204.7045767911186,510.51013480835536,84.19999694824219,788.893668804958,116.50355268988278,209.61221689989543,83.42379317637096
2018-02-28,203.68227285179728,108.3422446060822,82.5,132.20512137555124,127.88754719731605,53.48586702726925,86.53558597355232,63.34307543840987,167.5432048240791,75.02335806160318,82.44023832901485,129.74361522780237,202.05366079778014,150.10746192525767,104.69620771037717,150.3260699819666,101.37793419520176,193.46299988100054,514.845877803371,83.6500015258789,776.7067795954354,112.95238256249559,204.6465226170394,75.99908905605798
2018-03-31,205.00490938485382,106.69637820888966,82.43000030517578,133.35103640017223,132.24658260018714,52.735649340447935,87.35826902326471,64.0404604726823,170.1014722728296,80.1933109708134,84.43137465290238,136.84779600980346,216.08003907723287,147.6616680896277,106.43969162323992,154.84855061046164,103.01397286250312,195.87978483502684,504.60946176612197,83.75,771.8808743275731,114.96412499196867,206.4322473568036,78.99347338779262
2018-04-30,214.44127852416386,108.94608799418347,83.18000030517578,140.91867318318054,134.21929024068686,55.365014151253035,92.20426601522468,67.77278709973734,177.0976258586188,79.10132846639999,91.75889104987164,142.79161724990718,225.56319978294414,147.43204130467893,114.55296860030467,157.04199357379912,109.90007847888228,198.9518147500139,528.3695255840612,85.56999969482422,808.3139557938448,121.28717737979059,215.9699348940494,90.11002618014072
2018-05-31,231.90241852818053,99.9605084931004,74.06999969482422,140.76209751537863,148.29482635380828,60.612218750764896,96.7362853549862,73.74118880573178,187.78862421763188,85.91413301799412,98.16458075105493,133.0812196000943,231.67176089414716,149.9865854450636,117.40009275307057,165.10626789904654,113.89019207745241,220.48282813226433,600.9685902887104,76.0,891.1720437541153,128.68204109885937,233.77806478584807,99.89331321744248
2018-06-30,239.05552120242646,93.77570136126451,70.3499984741211,137.20644160878874,154.87860040540545,64.18362784732562,97.31137278235474,72.34096298261647,190.21719082016716,87.55340904680997,100.57885324447125,147.46542303942988,225.47203781295684,146.0149009895831,120.46411011286727,163.22114130312548,116.99156279896852,215.5490753906961,630.2886229951837,73.19999694824219,929.3834370022814,131.22628085512042,240.96461504625404,104.17072904555062
2018-07-31,237.99485458943764,99.5170790983957,76.44999694824219,138.81064563126074,149.35811799320618,62.848480754717,98.16836199091085,71.46553811503509,185.70825976101332,88.80122331082475,98.07637685603368,157.0700788868544,216.3482692661728,149.93854305655532,121.43267969861427,162.43819653777336,120.95201897063362,205.69655277332913,625.855309786948,77.0,931.0000950232461,129.65425644309562,239.45457107504808,102.18772698041221
2018-08-31,266.68140989650055,97.5858614685103,74.12000274658203,138.8348812354343,168.89021848713128,68.62518466686652,105.47285282085795,77.56702703798055,205.5601408142502,99.15713521108955,104.35156570885283,169.2717275151699,240.96537187050671,149.6173104069385,129.3187733770992,174.77914987430268,134.78332404100001,217.85072310949545,736.7060714188119,73.80000305175781,1069.0785977429186,141.77930736488634,268.7577989334932,109.76202428921624
2018-09-30,259.47287310345564,96.21602464143871,76.61000061035156,140.36639104349524,161.83081493914506,65.2737586591029,100.3466427622061,74.29857794731106,205.65481147658647,95.31075192505341,102.56898049332449,166.5923561306663,236.31959037731212,141.47376820288991,125.17872921914568,167.3117013300398,118.61863372211883,207.72937597310738,710.4421661672386,72.5,1040.0244591332448,138.08556691436388,260.11447110882,108.7442656414205
2018-10-31,221.18359779938328,84.27708913871902,84.08000183105469,118.44939182533199,138.9701059690742,55.9792646052756,84.67103145608235,61.12663050704214,172.43680351396688,77.13091503942815,88.05969785895468,126.01228379195163,185.74681518247962,117.21684840260423,105.84740238196719,140.62563194474933,101.5641050476861,170.0864118576319,598.0008156558324,81.5,891.5610804240569,116.22898711041489,220.80412274813352,88.79698582018136
2018-11-30,234.20253041113483,89.16307824262503,86.37000274658203,127.98347974329317,154.34578348720152,58.91549070845372,86.92747122037872,68.81257073239112,181.37513419844254,80.80856728439358,90.69095323629199,125.88426573463948,201.41803943482046,133.74625901607487,110.13976402895196,153.43301020845047,116.94429828756029,191.36958586246237,621.6636812989782,85.98999786376953,946.5403958554452,121.76183115363074,234.1352043105053,91.1088951003353
2018-12-31,218.62542858406778,83.03758780405951,84.5999984741211,124.05822930526483,150.67448237572444,56.97158275886159,82.5963711176023,68.49874093611379,168.43413937714013,79.6496800315258,87.0571310071814,130.53619088865617,199.4468641197882,131.26445077103745,105.47971776109898,149.81638985201516,118.59469884504642,177.95970237956044,571.2441136944472,87.05000305175781,868.3995062993527,115.54056515197453,218.4997783715953,80.25628739403328
2019-01-31,224.45319672018195,93.96681529939087,94.0,133.00074463207784,151.20297772997674,57.904847216764665,82.94433327689103,71.31914248706062,171.38728603524487,79.68323191357649,88.75644417358353,135.5464106415793,208.3897915589805,142.40968607356535,106.1955223535897,156.03822786228375,110.86757382369251,190.6030191979071,591.7278749163743,95.30000305175781,891.2522034688045,117.98799844280711,224.21468316034407,84.81276205332597
2019-02-28,232.85756900690103,95.92126259273346,93.83999633789062,130.04736908091581,155.734136504273,60.59147300380846,85.57717492907022,75.50779619741297,173.77989926200826,80.458614063401,92.9450489185001,132.84484883885398,205.28298013377298,134.39765350045036,111.11882101941228,156.27185252562867,111.87343346701391,197.53469672836763,617.0259637754752,94.05000305175781,931.6151167986027,122.24553872600427,233.40085868842834,87.84933010657005
2019-03-31,247.3426456763309,98.27757135565344,91.80999755859375,130.14555604057114,172.2416356871181,64.07610965792855,88.2438603275973,80.02846093731932,182.92804613889348,87.63419047543584,98.50723091414739,139.01373663157028,207.78157874669614,136.981890373223,116.97018819251252,165.3021582522215,126.14942619601152,212.41762106558326,670.5570230237281,93.69000244140625,991.8394155248607,128.60339046974423,246.66976963595516,93.82050172261324
2019-04-30,258.8685768598989,93.83335684876829,92.87999725341797,130.32900221859927,174.43423620816338,65.59548009499167,95.53518480818957,81.81951011363844,187.48314871331877,91.91322949807454,101.94984813537076,148.9375263359252,212.09412744408564,149.98359095869364,124.74333039719386,170.9339378390232,128.59920316855005,218.71027591091115,715.8906791784248,95.05000305175781,1044.7008252135493,133.83470221309472,258.28408789457717,94.92783297454662
2019-05-31,245.35407176297667,102.27906512638583,93.58999633789062,118.55165587972351,171.87588117952146,66.28040494257675,90.10712968139615,76.88561316143023,179.96345972474955,85.60294642464214,96.56495846295456,139.76719640955707,193.4409303398752,141.29091162682016,118.49311217827108,160.33817169734903,131.4806816298551,192.23507584190884,662.9538551058067,96.80000305175781,986.931966094453,128.00941665960636,245.0623856653874,85.15210222997666
2019-06-30,250.51234030688647,113.04709987450406,97.11000061035156,122.88138909604459,174.7417465546896,67.04368314256135,92.48560940191237,78.78953151478345,180.26116407412337,86.74008707076064,96.84158974643287,138.19307738931093,199.82162853448244,143.66738312303642,122.47600897071243,162.6031679899461,124.80624596090638,199.30548507341155,683.8813372312288,103.5999984741211,1012.1114293025457,129.92607699512155,249.93157883459935,89.3138097930132
2019-07-31,248.92831734630454,112.81408932208979,97.9800033569336,114.88428844327427,176.7372411949218,66.19061159113517,87.81135019551766,75.124435838723,178.2456238065315,86.89695376767668,93.84321108573567,130.5514762944622,183.60885995413992,134.8597119158767,117.9672938516178,157.51042938568935,115.85804446090515,194.6485005222894,694.951866242729,110.25,1020.2254191734537,126.38779099519525,248.18284242492518,87.28291035532675
2019-08-31,267.7617484086659,86.00106226336993,97.61000061035156,117.23680855334169,184.39324768825645,70.43571887294365,94.53668826567264,75.95040897439776,194.51282764722964,94.58093807481055,99.29693740637049,144.43727594068514,194.1619455818127,137.43361076681686,128.0484774692859,166.66141265438637,124.27319600791634,206.5999420589378,749.9025807627768,111.5,1103.4229078867502,136.40239782342906,267.2538375559525,88.01518383100756
2019-09-30,273.0529953123223,87.26615905507333,101.01000213623047,122.66077240098184,184.97648050314638,72.09682043474095,96.65784454733512,75.28565013291609,204.14564682794662,98.27758078369607,102.59284153294539,148.25530715210698,204.84823900777883,135.83995385204253,131.65629929849183,168.80425319438473,129.2989721024569,204.81298649867676,754.7887289366918,112.80000305175781,1121.925200005251,140.3309141850059,272.6058292072121,91.23655416534712
2019-10-31,268.99907509467994,80.26689173036175,103.2300033569336,108.4763388994611,179.45793934703488,70.00286442475954,98.33272906878165,75.6252610992533,202.44613559201298,100.61314165282056,101.81817554933104,147.45152497507206,205.4567701449878,136.15747891724823,131.02736603277208,168.9639646925525,127.97219267640685,204.7628528510586,755.4604011669835,115.56999969482422,1099.582128597358,138.88568970942742,268.7007304983945,85.65331181884858
2019-11-30,289.21906608629797,91.19091500106697,104.3499984741211,98.98342567693908,200.7579941125241,74.52604703957513,104.72204388152659,78.6518608450142,215.41337476387162,107.42213968448323,108.28806828463621,152.1542407132838,214.17298580323404,142.90620889475758,139.5935311530484,177.51771149644082,133.71347783726287,219.50730855525944,826.004246479999,121.19999694824219,1197.066266163325,147.87829289028195,289.53462310836767,91.43341399043493
2019-12-31,286.86618434141565,98.54989031902733,111.2300033569336,105.7121890186354,203.16809286849457,72.30713640026079,102.00997581577758,78.62210301890082,208.3475975805195,110.09946308958024,109.44491711397495,152.4025710389178,223.19967982296657,149.4331441798131,137.80695482555166,182.9504753646761,130.9026387084159,228.2148606134797,822.8042961760657,136.44000244140625,1181.1707032824634,146.85215413228434,287.20904795764363,92.95524826450492
2020-01-31,298.68638413793815,99.95796788069856,108.9000015258789,102.76192148248265,208.71769465038597,75.10322123160222,104.5745061880225,78.20892570463911,214.5626461658685,107.344888761334,110.66749816574338,163.96577405529024,218.57529434568642,143.7326147185231,139.54776633915026,181.87276616296003,135.68910472063908,226.1148667141897,895.6215719800239,136.91000366210938,1247.286129944987,150.48701826058095,298.68764638918947,87.4033903771633
2020-02-29,292.11823556101444,94.91231609304577,100.5999984741211,95.49710700521518,207.72718596834784,71.7651209073365,101.60350322222166,82.89802101315036,208.01853782705257,111.86929366235199,105.0242186900141,157.3160434470774,220.29283407386902,137.04968172063764,135.71835085647945,185.12839265173898,133.88274005179392,247.0788993501701,889.4858990277426,125.9000015258789,1214.2256200345,146.92092391852202,292.9563297979039,78.27523533700969
2020-03-31,292.87145217539,78.78989722453207,69.3499984741211,88.91597304216884,202.7574959441754,64.1780500345194,96.37412060807401,83.32177306254016,224.6173513988433,114.12380504486009,99.10744688055092,124.07214839509197,217.75181706529838,111.80239815490586,129.4139672805768,178.08949721737736,116.10504912662145,263.60885374788813,954.8501653975691,78.70999908447266,1230.3297255789148,144.33478867249323,289.1169540823885,59.479955465153125
2020-04-30,330.45999802785445,88.82396636362137,77.20999908447266,106.0543903364578,227.421380109623,72.29862105026768,108.69129477657407,90.79638150786559,241.83737078124614,131.68486909000967,107.66097209140753,131.60390404457212,246.1198996908206,126.80139577695445,139.98392361421975,197.38480332348627,133.82769036922218,283.73688863607094,1127.8692742265994,90.41999816894531,1424.5046872585372,158.6920487003681,327.8193592441821,79.90676096466814
2020-05-31,351.7695835716622,108.82116678713646,84.1500015258789,101.95923104542453,243.18336488656496,77.61456853742084,120.41137639636509,86.27101368272997,262.2300126248465,133.923448287891,111.12243376904189,145.23311362016284,258.66303952699855,137.6195212245766,152.23975331663132,206.2497623579511,137.75854627056742,292.2834986584585,1217.824443063735,94.6500015258789,1511.622365490286,169.7035933309935,349.3418552275871,82.55602822774108
2020-06-30,362.0131613117337,119.3110940051838,91.62000274658203,109.59890962071768,270.0640986683993,84.03467093024801,127.87420077636398,94.68997765613949,261.9008780367949,144.83341214015581,112.92096295246665,145.69388344657455,275.82744606338565,147.02148276185198,163.73166428520562,219.92317828430714,145.777683342817,314.6882801312131,1294.0256951722404,107.80000305175781,1538.0031839169533,175.5907766643304,359.97080544875644,81.62893489503631
2020-07-31,363.886300643906,126.52985683071893,99.29000091552734,113.35997906554257,267.0674757172819,82.83646432566456,127.12918960989919,89.24033428478288,247.18354319909122,153.22684489609674,108.44375553523423,141.8340466232621,277.5720193221932,149.38152271782747,160.69347673177253,227.9355317786103,153.07416091882624,328.0281363183167,1325.2698697652668,118.0,1553.7543049640954,171.9283514857525,361.61357821221463,74.13371846321388
2020-08-31,403.48622299178896,127.99822734391273,95.69999694824219,110.0043243625114,288.1934506172711,90.46017752684111,141.65960416844337,100.35788512544786,276.06432658147605,157.91074861376,116.51692559584262,150.06419725630622,303.8240677914291,154.7261038409615,175.18169861776914,245.7069428043378,167.2537865216691,362.915897306073,1537.6716565518145,116.0,1738.346509979383,189.10848992165666,400.8909449646453,76.71208890674416
2020-09-30,409.05229945269093,121.02968221071023,91.05000305175781,109.20104470702609,285.80375432236906,89.63302588326951,143.21161006729562,101.23351714176715,293.6011494824197,168.52229025336965,116.46162390907011,158.9034946353131,328.8036511758073,160.5863040890763,175.44337787648146,254.26248222870345,177.2821008676019,371.69224565280456,1513.4614489384694,110.3499984741211,1747.916575720359,193.9911499746231,406.50196723079716,68.42994464990807
2020-10-31,410.40462664368533,125.47578466235336,90.66000366210938,111.17406319033307,302.6081577711466,92.21114386317595,132.5801949220022,101.89147272812988,297.0487134978612,173.93238160880173,114.11668709247351,166.97091538921995,335.13345355636375,165.27829970361836,166.36354372749338,264.22514283881355,180.46937973870172,399.6718886764029,1505.766148344992,107.80000305175781,1748.922346931431,192.00881315559855,408.601444497981,67.33630765634189
2020-11-30,424.11573564982973,140.77517807675576,105.0,115.65870779775196,313.0832824158915,97.98670251847852,142.55703387774247,104.24994150441307,303.6734395265921,176.14191235865292,122.5131610012022,183.36226845809506,364.89017199124646,169.53637054097726,184.69640576901838,267.8501316355323,181.2300902871266,379.4985302423993,1548.6207273206674,126.69999694824219,1793.0675026675453,202.92541740065644,424.54819969421806,79.6934072057843
2020-12-31,431.39125113553746,145.95398617350656,115.55000305175781,126.90084502462923,315.2537572390502,101.2115353353438,145.82066281789594,105.8664273285467,310.7944444502682,187.15411089672853,124.78438378282226,190.97648932392258,402.2824043002911,183.13773738340387,186.74728951829093,278.7328209233092,194.29939525417285,376.9449470847685,1578.4232266730687,135.3000030517578,1806.7105134937738,208.26527912397796,432.83881842924893,80.90011912771115
2021-01-31,450.536196647372,145.25306452984296,110.55999755859375,131.71080266478384,328.46866419935395,105.14505195555103,151.2729931263675,112.79749336496025,322.8452418216875,204.41293746787778,130.41328927265567,187.0385635218372,431.47618378054176,192.25129059130268,191.13705293651947,300.42909443962344,198.08470734238654,426.8368079396532,1657.8983383759623,130.0,1873.4452094686276,216.61005706780998,452.41903071917477,87.92739069290292
2021-02-28,468.4782002357242,149.75568885095254,105.58999633789062,140.51226708212198,308.40781121300097,110.30629027104624,156.4660193680602,120.38458630635978,334.2165087103567,219.47517097890704,137.79012421955758,192.35886474925246,437.97288292092344,205.75552793258794,202.50082467894754,309.7094521141935,211.08790100866645,431.87127117666023,1683.0977487288474,127.16000366210938,1957.4182365232264,225.5521733277601,472.20765183458207,109.45576889968379
2021-03-31,503.07841683374863,154.110668123727,112.0199966430664,159.96797970782973,320.60646226669996,116.48222381824235,170.65804616187052,126.97878368668535,350.47710668275613,235.06541087811274,148.31413420824902,216.4923453994743,466.26333207297284,229.35968569085162,221.62697406564985,321.50746010518196,226.56591647254754,422.8968968046902,1787.4266500187514,134.14999389648438,2136.4467439224536,242.00989525664409,507.06924522362533,117.67381178870892
2021-04-30,484.894298181418,147.67610323431472,114.4000015258789,137.75752078034748,307.4299073193506,112.4344863990118,163.35776321312187,120.45186030808509,318.8476423152788,233.9420172586324,142.47402722117477,207.61208710022402,435.2386056926989,211.85040329083495,213.9389651899728,302.39142833249207,203.7210367182779,392.34900854490115,1750.3162480955652,140.5,2079.8676123791083,230.59599851753228,488.20650435975404,109.53258070760603
2021-05-31,482.97722775109287,148.7885921505076,121.25,124.6675319253718,288.03233168012594,114.0329628580439,165.7245215773546,121.83398341991597,318.3653321527818,221.88047180565263,145.26920637262992,215.67127910347335,434.1643172451222,223.80235479382463,219.6729040484861,302.1767550407676,215.86464634901859,384.4713130156015,1697.4686001691443,149.36000061035156,2054.999581698852,234.44776417640605,486.7910604698336,113.65583978010909
2021-06-30,462.6351747356457,142.23587274817328,121.80999755859375,118.19214302769069,270.866428608555,106.27817668854732,154.17300374156366,111.14181842119069,298.779165947868,215.24044781889097,135.23990143688934,205.10867603354563,415.8318367033062,196.65077025569917,202.59213075147636,289.3306900306379,204.24987317670457,367.15759606137,1706.2814772881975,150.0,1987.5339123615122,219.73361575233866,465.9252928247806,112.0653424335942
2021-07-31,478.64645554749586,147.385505705156,117.11000061035156,114.3649697596411,276.4351636479514,108.08484892458091,157.70612440525292,111.22286957732922,304.38408851862005,219.4408991535056,139.04137547318533,214.80878229090558,406.0774580481775,199.7665780905354,208.60219957902336,279.9082871305509,211.49705701355742,325.4368835901296,1799.4783586695848,141.8000030517578,2087.5403559953993,226.42697240494272,480.6580802963763,105.34375390124569
2021-08-31,498.91968165394064,176.18706331091562,114.08000183105469,121.91940560495459,296.05702645974816,110.90733478823222,162.89205223368754,112.11813261120915,316.49421341354355,228.691308428326,142.79831069563716,228.48596480458946,404.6545815912468,208.04887670676544,216.928594564175,289.5310692807361,234.64166682842006,329.7667545284785,1913.2295249298186,136.3300018310547,2193.035895052235,234.0288388906829,501.4561677098245,105.31496351727219
2021-09-30,499.1641134339079,167.25275183965095,106.48999786376953,115.86531495045165,300.98870174735566,110.94216509070066,160.28100208587603,108.98834601385715,339.5669934635407,228.05253936154259,145.73931355727836,225.3774442555914,393.31742414502514,206.82692371543453,214.383943466255,291.4618148275258,245.57160337304595,328.6254372711119,1885.0626885989914,127.4000015258789,2184.177150805044,236.2005295900235,502.3265170167724,119.84308347344268
2021-10-31,548.4972500756267,171.7096063566487,99.68000030517578,113.97026171794096,324.4292833198415,123.31007694192067,171.4222406781164,116.283829983322,344.7062750292116,241.63814388869469,158.6839521594702,235.4146581749701,404.1208571358802,215.63586746511464,235.6553390433819,307.1720106960929,256.8194928801295,351.2977912271472,2119.9045133580803,111.19999694824219,2436.9799916062475,254.2106776444707,550.6709361793182,137.85224455936714
2021-11-30,531.6450878911637,150.85921799528842,98.3499984741211,116.62740109194965,295.7204116563571,113.09704200653414,160.20861634021094,109.49654170950635,331.65700397796536,246.0992753586852,149.77507372417858,218.88561759677395,381.99079036839976,204.21221713631712,219.21841980612044,293.4900364979494,247.9218572468999,328.26046441095787,2145.3051280636137,108.80000305175781,2398.4708474063227,240.50927930937905,532.0711482146398,129.9186906630357
2021-12-31,549.3069576804555,162.62096638597723,100.80000305175781,109.20866560046488,299.77755742874433,118.30969672428182,165.61104124550548,109.63320253523852,337.3615969094244,258.8360224620119,158.26715467248505,246.48285716704413,398.9422841008636,212.06898528047896,230.1410696793173,297.1935544474909,253.02405562234344,316.54829094126035,2158.209232714784,113.30000305175781,2495.729556864768,249.55349619425397,549.3136722464551,133.0660816855525
2022-01-31,504.78740065168313,155.20744055504838,107.9800033569336,119.800512145629,254.83301800573463,104.77179660920137,155.69355299793642,107.91390404524554,310.81885992262687,242.75471021666272,155.81686595529573,227.68266740026047,357.0450581433288,223.21768686973155,215.24826992161434,284.778878264151,243.75332423896725,303.92524010698617,1896.0297564480716,117.0,2275.9920817606762,230.98319148225528,504.62133320180874,152.15849290795813
2022-02-28,470.79729562797,155.9298176860775,108.9000015258789,113.9905721727846,256.54206356886425,106.14196405463736,136.08278620203964,99.31453310738652,293.7212575662779,230.06494802959787,148.14326549198995,227.13172805296927,343.6107959207293,222.9299535158134,190.6910448194285,263.1811814550929,223.67820664645114,273.77137030706217,1742.5357009770814,111.04000091552734,2125.1149405166216,216.34568810670316,472.04947513971274,156.74169142392202
2022-03-31,443.68574318499304,158.67873440299445,115.5999984741211,117.73308362282842,239.82433365137695,107.8353519456141,122.8191394729547,91.36780167830511,265.7980054343716,204.4689938909978,137.567102101184,229.28846827601956,312.48060043098667,217.32371616530145,174.20600543750697,236.16037781588238,210.6590472396565,228.39243919017463,1686.1142951868824,120.94000244140625,2038.4508501394303,201.35556301286852,444.62271093475283,158.43453982148276
2022-04-30,422.26560218960367,146.32629607987565,103.4000015258789,106.45317173091644,225.48433697089422,103.82172467509645,116.48860626808255,89.558869684598,252.87900777254254,192.59167729696492,136.7424973952766,213.44671670862954,302.64778313020724,194.23159557682447,166.36498348618807,229.9596513908491,213.53281703319408,225.5785557027848,1508.2189521641849,110.5999984741211,1925.0739655046928,194.30349339762142,423.0293352370318,161.2503491983607
2022-05-31,408.22724464445855,136.92510542555738,107.18000030517578,122.59229880449311,210.0244813629797,100.33003612024004,117.80456552642136,89.42300600350336,247.59672918225988,189.1730511474634,135.15308954757074,216.4043549086091,297.403709208902,188.61551289679483,168.0906216346193,222.68082082655383,195.1076591349647,222.83118247873063,1428.5592627185542,109.30000305175781,1856.9759039621567,190.09898813624204,409.1577682618845,180.0809028511503
2022-06-30,408.95647096465837,121.84949577858788,95.0,110.04366079464944,213.0188428850215,96.98972700826289,111.37280009715596,99.08334078528696,249.97346902017853,182.23114088978036,135.47021897624745,214.28432374326803,277.282605627106,184.51090768961876,163.4460102905814,229.17190136697172,202.12360429663022,263.2501184254306,1418.6369484307943,91.33000183105469,1857.4761674930778,188.23535159548555,409.82243134767486,162.79958359239572
2022-07-31,438.01681005945284,136.68594686541837,99.30000305175781,120.92086590142571,230.4871772287879,103.97326596636958,114.17135899890127,94.87622783935876,265.774887714706,185.4399510912299,139.81439038813733,215.3249758218044,288.6285582624805,184.40121258774525,171.49234618142145,229.25152522140706,219.19312017700577,234.46409850150303,1597.2552669457218,95.6500015258789,2029.2313005532196,198.26959737605648,438.5962023431057,178.5929166470669
2022-08-31,413.98631171452143,144.99139517304957,105.83000183105469,125.51356397385734,220.9639831745826,99.00305548877077,104.50596605526061,90.18918031891917,250.68186314538252,179.476991098707,129.23377219202575,201.2041137533506,272.8058713146984,171.03323370094404,157.17239835944292,223.7912429463595,218.34734841379213,231.71351782619786,1497.5047511168668,106.80000305175781,1923.6000080362865,184.5409399945729,415.884906665131,181.17916552654788
2022-09-30,395.1816249672411,147.79237855081374,106.45999908447266,114.28333897447374,205.45657952616602,93.40329215846577,99.51591786405697,84.79209036223438,240.74691024928325,162.2481653132163,123.43884075892129,211.8836494145362,235.05463788298948,163.00572970159192,151.26583864939312,209.11397573127033,218.06283629750396,209.09372021911986,1411.4832972247968,105.44000244140625,1839.2650574152358,175.25363476228813,396.4055190022191,172.636227362942
2022-10-31,411.87650270924496,155.97669129288988,112.1500015258789,115.12916097596099,213.23779895353073,96.6712487228433,107.80641324732642,73.35012023298805,241.44804712931364,153.69730880831776,129.42177237307988,237.42036339064362,252.00848391839827,168.39601325876356,165.16313570347847,201.93635002098745,221.1522508603157,171.31278400302108,1438.642545908282,112.5,1949.0596024015103,182.19529911478458,413.2672193551698,211.42960101668723
2022-11-30,444.49926377189695,164.32094615602546,108.58000183105469,126.03045513803227,237.55308303714264,110.10383894304687,124.96323588950327,90.81377742213226,268.4754414787312,186.77183920434618,144.97163989418186,252.08297632950416,294.11689895615564,196.2745509539236,192.27872629868216,230.65852655300114,230.95310233744385,225.4778070791799,1512.5748279084219,99.9800033569336,2049.513532333658,204.27118421818886,445.7790948713955,213.3092829536763
2022-12-31,425.32758954695964,172.4938694359389,105.94999694824219,129.63767710536194,238.38803727908635,105.5952821065921,122.13724421682673,96.9326339982681,263.33834992097763,174.600681869244,143.55082579531427,236.7439377775063,277.8486831416212,190.77817665716248,187.1774503773704,225.62143007109262,218.58026289991722,231.9551320906121,1380.5202498364815,96.5199966430664,1937.415754941845,200.435013483906,427.3243531895059,207.44938914694467
2023-01-31,442.56400835731256,199.68709039872738,109.83999633789062,135.52569238887736,247.7467694314073,114.29607844377097,134.03774237799553,98.46403199181623,274.68637373875936,188.56113292020018,147.59659636620472,267.13876247898224,302.20885391223965,196.6688302689945,203.87110226071673,237.8757716140335,207.7598030982408,253.24343733376008,1478.398908951218,99.44000244140625,1993.1281904034695,211.51718955223987,445.2256904247988,206.43465950877544
2023-02-28,434.9621228290016,198.45111274538067,101.1500015258789,132.35771536878565,236.4907185912507,106.93682927304235,132.6153359972359,92.51544944095531,266.24693261186076,186.89614919278029,148.7076200578431,271.5205585825024,283.16246017132835,181.38382545167588,203.9198782096082,225.08656267940387,199.92007397896305,229.95840519994636,1497.5018225771782,88.36000061035156,1975.2283746704925,207.55261073174552,438.21614033273727,195.29573609360705
2023-03-31,440.2085714482382,192.16532521888803,98.48999786376953,132.72387021741451,236.26140412891618,105.0109344093089,135.45496231066682,91.36749932338353,273.5873881807929,189.9214164461191,145.55725314845222,274.6530622330356,290.2304562846657,183.02679382067436,209.95558352345324,227.1591625699075,198.6321823360595,234.77934885414652,1605.9144386871485,87.81999969482422,2006.312124026299,208.66552636477718,441.4313913834194,191.28710333928393
2023-04-30,436.88589661722654,187.86497468365997,100.9000015258789,128.02039959435206,230.81047908101755,103.50330686703091,136.77439367069746,90.49383823257813,268.01208514541213,179.80437106938916,149.59020083108044,274.45616025460185,281.04336489863636,181.93210360276862,211.64080258725153,221.00733981945086,202.7670371846325,219.43029532398214,1577.1479132015957,89.0,1991.733506947523,209.26365639892174,437.46908303227974,192.1013431573083
2023-05-31,437.39986789733666,192.54457174892377,104.83999633789062,128.8440872694082,223.04968590454882,98.97465157578245,131.65637027076718,83.29584085505485,273.47249472796284,191.3657888920552,142.2965300881342,272.99007244203494,294.2422933505841,158.74556857112657,203.59284491742073,219.00700328171297,208.04855768831294,201.17138004987828,1721.5234855902236,100.5,2024.4908271491004,203.82696895856498,437.2656547062361,174.86551776921442
2023-06-30,446.23174798250693,214.9744867973768,114.16999816894531,133.47776307384993,223.15306745957423,100.26160644238371,133.19368128917085,83.25211465617576,277.0109321938962,187.83027500513708,141.8696041929752,275.5459022221021,286.48155985943777,167.31240929729756,209.22413209609113,220.95367023752442,210.6656197878874,202.63168244945336,1764.9103860029136,109.5,2078.952028048385,205.27849412732394,446.1946656500477,180.30048697982784
2023-07-31,449.68264812215057,213.91339557684842,117.94999694824219,137.76129146875428,221.59335262429158,101.03307738102012,132.96581154275736,83.83263773024191,276.0800946409472,186.05433287379492,142.05677301809737,280.3235763591183,297.0988552281051,182.47393008388462,208.1710898960846,227.7534767683428,209.89636357391282,219.4033957704669,1783.0931657812034,112.9000015258789,2088.5036336636113,205.95518718055246,450.19396177738236,189.02219711189537
2023-08-31,451.8683866642459,224.3216650273389,112.30999755859375,129.82027662795554,207.5976767911343,99.41695827286276,131.04264704002344,78.69804039084738,277.7107610447965,183.38832593576808,141.2826856849406,275.08733732291876,284.18472475717135,165.60559211386135,204.22397883551093,221.40823124225062,213.399090160161,204.7755984136893,1818.0523499503906,104.19999694824219,2126.3775034182763,204.74082032933438,452.68277191890957,198.84956202174362
2023-09-30,445.30601810037115,200.91743808875617,113.1500015258789,124.17263948381242,209.14937932382963,99.12776586559539,126.60227146854959,76.55866808921292,279.65223972746026,184.4579904973234,143.81969934792141,267.4587422882614,276.1349393391174,164.0019300414533,198.68133768357802,221.11838742621148,220.95191628625253,203.2196585038546,1776.6735412657872,101.63999938964844,2085.3460146155703,202.81082412195792,446.22517071214315,209.6435707220171
2023-10-31,435.12373052981275,187.58905758059336,109.62000274658203,115.13589194486667,197.15500003314992,95.83185052807039,121.99502046125508,75.10491200988918,274.2057945825545,180.6695149967909,139.00419353681536,252.36945378596283,258.12206261326537,163.42997539206772,195.128371306193,214.01602052949966,216.62615463339534,196.79068694094713,1744.575013159265,94.19999694824219,2045.4670593598566,196.46315934590166,434.34432457486764,198.10528241837528
2023-11-30,460.46000864887174,239.5074118652028,123.56999969482422,124.13884612493712,213.92426113902548,100.8140182310899,133.77071698981945,73.12191128008044,282.9869242822879,196.48453463895203,143.46383672252887,283.04244860718427,287.79091955288095,171.78724757747113,210.7439969261759,224.79056608087922,224.06564438622445,195.23252471857086,1878.912623598415,106.3499984741211,2169.48952479288,207.74981777388712,460.1526418503381,191.15186099181847
2023-12-31,477.3167650505966,243.23922992533153,130.38999938964844,129.7064241870994,225.26084796484065,110.2950495632258,138.27056767951854,76.62540210165434,290.73873536452083,206.7148787591468,148.0862635275953,304.88754547641656,303.59221728146076,177.73693832783465,218.45685030168352,230.93977325435299,235.0378467850678,188.8498218264249,1962.082406793139,113.19999694824219,2243.605680413806,216.94911862610934,478.5668002385355,189.19686469105545
2024-01-31,488.50812803179724,253.33665181197284,123.94999694824219,119.33742725175398,218.29586304946133,109.2413879295018,138.17721116963367,70.59775939938481,306.3158016833622,204.655835623671,148.30718485425677,305.72226192616654,281.20322161117656,170.2490925767779,223.15198927329038,225.78002340931562,245.19655930022418,172.87650354421203,2039.00778121216,106.37000274658203,2326.379899777996,219.02277976905316,488.4436206406681,192.11116862599738
2024-02-29,512.281305040291,241.93059035219085,125.25,123.98523254010524,214.24126228366367,111.00878107553035,146.13996365352432,73.77681266828358,320.87688133588745,213.08546460364596,150.28491646050043,300.23718769389234,304.18443876477977,161.8172650823999,237.30192344467287,235.39314051630208,252.3017503759802,185.1012940552664,2154.1077885541745,106.5,2456.1920241636253,225.80505634870678,512.1307004111222,199.0802762719486
2024-03-31,531.4464857559506,262.20825120750305,124.33000183105469,125.69468962894098,217.38368852373605,114.97290374999284,152.1353956632811,70.5781658485248,332.762887961253,224.93051241738067,157.71152461414022,320.4444169494236,319.8930061409701,171.40595272170322,247.52114658203573,242.40221687810845,255.6004019091415,189.4877003629772,2191.673347776552,109.0,2548.2591396135977,235.1497731799318,530.9101137702091,220.9750736062888
2024-04-30,525.5922954837915,287.0097842651958,122.37999725341797,129.516598781197,217.07184083322863,111.58146891503475,149.65979937623706,74.65057122763028,321.70003266700587,223.43970916361286,164.03201803787124,310.4233039282135,308.1706987612597,180.0205157008495,243.90448880756048,248.79747961344583,265.9508802768614,204.76427112367492,2149.025422956067,100.5,2507.604420865813,232.90168151059152,524.8802129499272,224.4494101841501
2024-05-31,558.7812131480314,318.9185201205437,118.66000366210938,139.21571288280575,232.38852438539107,119.80401469090066,160.140827132891,79.10942691437594,335.315163868785,242.37646709852925,174.5453078072751,312.79047894213363,308.97276667809274,185.15838993959915,259.8924362527505,257.53844957943875,273.78256899348344,217.86473896247844,2319.1684198888834,96.87000274658203,2678.250470837287,247.8173549956191,558.1511523087465,227.4013993592016
2024-06-30,602.8739080619198,306.3848527113623,120.37999725341797,138.34292858601202,241.28161182352414,127.96856731239131,165.67030762315426,78.197705306427,353.390813415881,275.98943992917157,180.6659921638675,290.8803471423107,347.23919771316105,212.25681280211575,265.3238276902175,279.85511166969445,304.6140980400287,222.65533570439402,2610.859556598298,96.44999694824219,2931.7887655380764,257.69804838961136,599.5277900228211,237.04515403002006
2024-07-31,624.4617005546024,314.9111189675932,124.04000091552734,141.88835455899607,250.9518243376442,133.69432331127427,171.7059504280769,79.50935978240068,374.9185161398782,276.08366437256336,191.59029103155262,296.2574172294626,356.6867000252205,227.47090344289973,272.1735915982208,287.6688233921777,319.8751780425664,223.63135898562177,2618.6628581778496,98.5,3026.9539612458902,270.80547067505904,623.6916041080622,247.2764749396083
2024-08-31,641.9489724987143,359.7097907916723,132.60000610351562,145.86444185635446,267.44208198024353,138.64524615865594,180.62809658189872,84.60769515933953,381.3260413061507,280.3395024002384,198.8873789660538,278.83899855061827,352.0976131464922,235.41277054921738,285.0243074875216,291.3012846616075,322.49768174457495,225.9675931158963,2655.4022152756224,102.7699966430664,3106.8444539518678,279.50244473373095,640.1321810288573,242.87276174629733
2024-09-30,633.3783686243914,353.19094672322535,128.42999267578125,144.09815278216956,259.09022700369314,140.26937427152188,180.85201604910617,94.20364509877618,365.9474344936316,271.0027929875396,191.3996290122377,272.6025095545083,331.93644138909076,243.92550090951045,279.3490546860194,296.4674769186786,315.72103080529996,265.51319762437925,2630.8360321708024,97.95999908447266,3062.470999155077,272.75291822892905,631.5830814012515,227.40197742039527
2024-10-31,657.696126945204,411.9299339883837,126.26000213623047,143.30282291317872,262.4958417656144,139.1077878747401,183.19116128332917,95.67992269343176,369.28837753421976,289.2854019709466,192.90041391605337,279.47924420358686,329.7509067514693,253.36231575959027,279.6310919227799,304.62160396227046,313.62033983886613,272.41401690080966,2766.0664936893736,97.25,3218.9877062850574,274.4296920603756,655.2339429958338,243.34621335325937
2024-11-30,714.0924686065628,492.47815944548347,122.31999969482422,148.21512134645855,283.2419850648839,151.36692202988888,190.89407133428722,97.4547640860601,394.5851380089225,295.9583650033601,202.73881157827782,282.4126374857515,329.90265684545375,254.19291094243454,282.08359175181613,310.4344043527017,327.0751301248747,273.16700983350165,3041.311241627409,93.31999969482422,3559.8799771232298,287.55552847762374,712.1689860355473,273.8671984164648
2024-12-31,714.0660897526686,506.43677050720726,117.2699966430664,150.89036761981333,272.9564434136046,142.74145699088876,193.36520829731398,97.6064233992588,396.37737555221975,305.72242688704137,201.3399247938196,278.76955248119884,307.4870394897789,242.60141608287995,288.20747376652434,313.267697049514,325.2046436749879,283.20185813777243,3138.433637034541,85.94999694824219,3568.971303257713,285.04065908236953,710.1076656647456,254.38484845839412
2025-01-31,700.3213456827907,503.75928807854143,123.0,156.60182731773875,258.2875556973195,139.9978453204467,200.10626713993952,91.92156634971434,383.70780368488704,288.96715240450067,201.10931359894857,277.3082163414492,310.08219915361224,240.81511832754222,296.64933195349295,302.2753334898316,299.54075455104794,278.2011428205751,3048.8657536201354,91.4000015258789,3484.8401211228047,283.0582541188651,695.8679180063191,247.48309151724425
2025-02-28,694.0215656536857,479.2921898231252,120.01000213623047,163.00255702611685,241.93751225910273,135.64617586949407,207.16763621642713,97.4017868659721,382.2823811293056,283.64810601468525,207.92123307393558,284.29873008608956,312.20586975355036,242.91607670035592,305.83178078944366,303.0001294046615,280.8559019161221,306.0512466906948,2948.514426823327,87.5999984741211,3419.808774030127,287.7137825553709,688.8063270340826,255.41839401576
2025-03-31,659.2567217759388,461.1749527732354,127.30000305175781,167.4839220832646,236.95248065490705,130.70001209547718,210.0178598162529,95.61541200163356,377.48134308695444,261.3858565025039,207.42077974812673,282.8014707793336,304.33231558889383,259.67483904585606,304.34035492838666,301.76545992279534,296.4269870530243,306.4298363726339,2687.081659880394,93.41999816894531,3184.517855747341,283.6998559849526,655.36853696451,260.6782628346846
2025-04-30,646.7623316479949,477.5882094215267,131.6300048828125,170.64819736124628,234.18234065977595,134.2592640812436,218.3035213267467,93.375503584115,383.8507687033634,255.11687453524064,205.84988251173854,308.57136075142625,308.850877194709,260.76648112490875,307.08633049296986,295.61944603714073,301.06339215431217,284.01653367575636,2659.2692750725255,101.5,3081.1934077161714,288.0085936072828,643.236239648264,219.16867595695658
2025-05-31,689.0669419770129,506.8681823993102,133.99000549316406,174.06218003528193,245.92292363243178,141.59060227044392,233.87503402121365,101.75368554960005,401.50273188762367,283.70387952472083,217.41397040546872,328.51912095048465,335.9299070863053,277.13800465338863,325.72983540664427,311.8544202565681,307.671594083542,292.72439915081486,2926.6438207626343,107.63999938964844,3301.11094815284,305.2010006750934,686.0453420332633,223.75425178650767
2025-06-30,698.3863125754942,460.66252171805536,135.85000610351562,171.68318954478127,246.72940861900497,141.76828711476082,231.79112127198823,105.41643578120602,395.9023990725327,300.64767221479633,213.47882284556908,325.52531955015,384.60127594098594,279.188758616976,323.7911253365892,323.25411906400404,305.03732650097663,298.2149267999812,3010.9246203819057,109.02999877929688,3356.3604255350656,305.144117521093,694.4393499094949,226.91633063727932
2025-07-31,718.2683121040463,457.6421035221647,129.8800048828125,165.72293587150216,248.01496730510007,142.63390344163236,229.42771339000683,111.82056947430556,395.65687057551986,311.08816719067363,217.7509232886714,328.99142734660927,397.02745284627963,280.4316987696984,319.2626795457254,330.6216975464522,293.4890460507813,316.32888653789087,3138.502641531435,101.91999816894531,3494.458438523492,306.2436580343565,714.4884809200448,237.4691702426553
2025-08-31,716.0198363181262,430.55982105701696,138.5,176.96917843785923,239.77527229420957,144.12063226889586,226.69645025497448,110.97599038524277,408.4470185119135,304.40741533896653,220.17049203065108,328.9685233828204,382.4452327586623,295.9740923347272,320.3006901772678,330.3556170495649,281.3677430741882,327.86374225216423,3076.1530509953154,107.43000030517578,3462.2878806361696,310.49194016682304,714.1781971674063,238.95897773769684
2025-09-30,729.2645515400218,368.4247666344163,143.24000549316406,174.77969506965383,241.35366712375253,141.2711982294677,221.4359442480927,111.11507362391058,411.4582588904959,323.6951935997131,219.1195763507967,356.1586929036275,416.90432092048286,323.4253976315522,327.4516304656645,344.817720923711,277.04771431279005,346.2025111548719,3186.8596961045405,109.66999816894531,3525.1381230586558,313.0382934587069,725.8034488911362,234.18099210023502
2025-10-31,754.4401755316649,504.1521294960403,146.41000366210938,189.41646927049442,243.87585657308227,141.65487400603888,219.20885629333497,112.32197432724206,432.929199342645,342.9541226815054,225.2983852657635,351.32278525459697,510.58604043978266,325.4062044155289,333.08111408575496,361.1566212736652,290.4665449227905,338.00250778801274,3377.040078263264,110.05999755859375,3650.0635757385753,322.18579978596244,748.8890847123112,233.62682819644397
2025-11-30,751.0299787495751,495.2295420875307,155.85000610351562,202.03466640872648,241.29564245935762,136.11059310306155,219.1429616905516,115.39900043746457,428.5181364698801,330.301977574738,226.70678197496454,359.51755390682956,475.95509468374075,338.8783522179583,334.61771371308714,353.2128075003857,292.99393377191154,329.08368043997325,3307.8934137295,116.48999786376953,3639.105819941964,323.69526671874337,746.7779205213301,238.59193600676372
2025-12-31,774.8275827626348,500.5794715391239,158.0,221.23849254791276,247.90758120401006,143.42168364207464,232.73850440979004,116.36925220489502,442.14838467913796,347.90298590704333,240.84327805654902,379.6649632208864,532.396180772339,376.7625838507083,352.0718451794528,368.110177659546,295.9886114302062,328.9553385616455,3359.847971131094,112.44999694824219,3724.1596700260416,341.51704520911153,770.6626925988821,243.25156606909877
2026-01-31,755.0285890102386,509.5794167466738,178.1999969482422,234.75941329287707,243.58103732829295,144.0002979040146,223.70641191109462,121.3234898791352,444.81822385995474,353.1769341904146,239.5334677216797,389.8127125786741,635.2099817576673,379.84941863494896,346.107068952133,376.5283338505251,268.48921280192553,323.80608320495594,3222.9438508181775,123.80000305175781,3580.990727515833,342.94141628824946,753.0005284379513,263.1890408362251
2026-02-28,757.0321356672212,461.0612285480347,185.16000366210938,223.44210076332092,243.88576648181152,154.56029531179047,227.75684556184387,124.3570817221298,474.4677577289658,388.6865139224319,250.04969042178345,415.75641796083073,777.5271195751266,419.14655359405515,351.5740379854069,394.2854283199158,268.4900852685623,303.36760409040835,3115.4773915878905,126.37999725341797,3514.0592437796004,360.18185598356285,757.6155053255861,285.37410269379507
2026-03-31,728.3796458514407,491.2364726977539,184.27999877929688,209.29662873779307,224.50960542907706,146.12863951049803,208.8228679400636,121.54575939392089,444.49216769775376,373.32286603271496,239.8278444482421,396.0107330792234,647.5246437371825,356.89921192626934,326.78912584960926,367.16399574279785,246.56575794433593,295.7315181774902,3038.2754462170415,120.0,3423.3898616735823,337.31712572753895,728.1165101123042,322.4726274255372
2026-04-30,740.6242524783738,467.7442806876752,193.58999633789062,219.1130887327654,225.25644422401456,150.93730800768753,211.27156854087843,117.54790598236468,444.3695520096662,402.36494923956343,238.59203564873496,396.4214013666606,717.3244016434182,363.4820094622228,331.9660586912505,379.9292230086394,249.20556026449958,288.96257025250634,3159.434044202353,124.0999984741211,3482.0850705831253,342.27991951171134,739.9749301141856,280.14710462010953
