carteira,tipo,coluna_retorno,data_inicio,data_fim,n_meses,retorno_total,retorno_anualizado_media,cagr,vol_anual,sharpe,sortino,max_drawdown,calmar,pct_meses_positivos,melhor_mes,pior_mes,n_ativos_total,n_ativos_com_peso,peso_max,peso_min,peso_medio,peso_mediano,top1_peso,top3_peso,top5_peso,hhi,n_efetivo_ativos,gini_pesos,classificacao_concentracao,n_ativos_no_limite_min,n_ativos_no_limite_max,pct_ativos_no_limite_min,pct_ativos_no_limite_max,n_ativos_universo,n_ativos_validos,n_ativos_com_peso_manifesto,peso_min_base,peso_max_base,peso_min_efetivo,peso_max_efetivo,ajuste_limites,periodo_inicio,periodo_fim
etfs_com_ouro_btc,max_sharpe,etfs_com_ouro_btc__max_sharpe,2015-02-28,2026-04-30,135,10.00612444186837,0.23967404902249773,0.23959750724855766,0.14997828131657842,1.5980583783100364,3.36654899761149,-0.2597308003943114,0.9224839983737458,0.6518518518518519,0.16318347363125155,-0.09833889016858932,26,26,0.09999999999999996,0.01999999999999999,0.03846153846153847,0.01999999999999999,0.09999999999999996,0.2999999999999999,0.48547924916873086,0.06440433727125877,15.526904590108442,0.36563186078463983,baixa,19,4,0.7307692307692307,0.15384615384615385,26,26,26,0.02,0.1,0.02,0.1,nenhum,2015-02-28,2026-04-30
etfs_com_btc,max_sharpe,etfs_com_btc__max_sharpe,2015-02-28,2026-04-30,135,10.00267032577769,0.24211980059471194,0.2395626637538919,0.15964296683017895,1.5166330556376353,3.048625134181371,-0.27577756473471027,0.8686807572049742,0.6444444444444445,0.17626620755803585,-0.10576058032287246,25,25,0.09999999999999992,0.019999999999999983,0.04000000000000001,0.02000000000000003,0.09999999999999992,0.29999999999999966,0.49060065205021924,0.06657778321164559,15.020025476382681,0.371043868590909,baixa,18,4,0.72,0.16,25,25,25,0.02,0.1,0.02,0.1,nenhum,2015-02-28,2026-04-30
etfs_com_btc_petroleo,max_sharpe,etfs_com_btc_petroleo__max_sharpe,2015-02-28,2026-04-30,135,9.64001778556133,0.2384583759093101,0.2358477946357067,0.15623928699082162,1.5262382496875992,2.785142817099583,-0.25674292493333184,0.9186145818699738,0.6518518518518519,0.17420648851254286,-0.11962558001063428,26,26,0.09999999999999985,0.01999999999999997,0.03846153846153847,0.019999999999999976,0.09999999999999985,0.29999999999999954,0.4865508888762515,0.0626884804159881,15.951894085870354,0.3622701837094109,baixa,18,4,0.6923076923076923,0.15384615384615385,26,26,26,0.02,0.1,0.02,0.1,nenhum,2015-02-28,2026-04-30
etfs_com_tudo,max_sharpe,etfs_com_tudo__max_sharpe,2015-02-28,2026-04-30,135,9.577502263107482,0.23539459863113787,0.23519578900906635,0.14612391276876563,1.61092455143628,3.113671354190177,-0.24313894461361896,0.9673307967295187,0.6444444444444445,0.16103474115765531,-0.10066181811552934,27,27,0.09999999999999985,0.01999999999999997,0.03703703703703704,0.02000000000000002,0.09999999999999985,0.29999999999999954,0.4805447335517483,0.06087096810747083,16.42819280012844,0.35597015772517704,baixa,19,4,0.7037037037037037,0.14814814814814814,27,27,27,0.02,0.1,0.02,0.1,nenhum,2015-02-28,2026-04-30
etfs_america_norte,max_sharpe,etfs_america_norte__max_sharpe,2015-02-28,2026-04-30,135,6.212853934949287,0.2089819828096234,0.19356318668515105,0.18754475671437493,1.1143045877198088,2.13241371707569,-0.22732824934483375,0.8514700097458431,0.6148148148148148,0.22748254035678786,-0.1614841420269966,3,3,0.3333333333333333,0.3333333333333333,0.3333333333333333,0.3333333333333333,0.3333333333333333,1.0,1.0,0.3333333333333333,3.0,0.0,alta,0,3,0.0,1.0,3,3,3,0.02,0.1,0.02,0.3333333333333333,ajuste_max_para_viabilidade,2015-02-28,2026-04-30
etfs_america_norte,min_vol,etfs_america_norte__min_vol,2015-02-28,2026-04-30,135,6.212853934949287,0.2089819828096234,0.19356318668515105,0.18754475671437493,1.1143045877198088,2.13241371707569,-0.22732824934483375,0.8514700097458431,0.6148148148148148,0.22748254035678786,-0.1614841420269966,3,3,0.3333333333333333,0.3333333333333333,0.3333333333333333,0.3333333333333333,0.3333333333333333,1.0,1.0,0.3333333333333333,3.0,0.0,alta,0,3,0.0,1.0,3,3,3,0.02,0.1,0.02,0.3333333333333333,ajuste_max_para_viabilidade,2015-02-28,2026-04-30
etfs_exterior,max_sharpe,etfs_exterior__max_sharpe,2015-02-28,2026-04-30,135,4.923190177857254,0.18695241376225222,0.17269234569639647,0.160462623759813,1.165083864277891,2.109415294951481,-0.237615450208291,0.7267723775748434,0.6296296296296297,0.1835924867353643,-0.16119770661525526,22,22,0.09999999999999996,0.01999999999999999,0.045454545454545456,0.02000000000000003,0.09999999999999996,0.2999999999999999,0.4999999999999998,0.07258656756315918,13.776653636774848,0.37783499515277064,baixa,13,6,0.5909090909090909,0.2727272727272727,22,22,22,0.02,0.1,0.02,0.1,nenhum,2015-02-28,2026-04-30
etfs_com_ouro,max_sharpe,etfs_com_ouro__max_sharpe,2015-02-28,2026-04-30,135,4.9066360942793485,0.1799015455880934,0.1723984703382042,0.129895757095743,1.3849686056757986,2.709573243542787,-0.1976152551500181,0.87239454366683,0.6518518518518519,0.1522174132727757,-0.09903688082646389,25,25,0.09999999999999919,0.019999999999999837,0.039999999999999994,0.019999999999999837,0.09999999999999919,0.29999999999999755,0.4818160253847159,0.06628190101152026,15.0870748234302,0.3696103537203701,baixa,18,3,0.72,0.12,25,25,25,0.02,0.1,0.02,0.1,nenhum,2015-02-28,2026-04-30
etfs_todos,max_sharpe,etfs_todos__max_sharpe,2015-02-28,2026-04-30,135,4.767299797497709,0.17985802452528274,0.16989475396906273,0.13908550825299718,1.2931471206771605,2.4313030695955034,-0.21435586489049396,0.7925827177896687,0.6370370370370371,0.1637179187846082,-0.1050158298848739,24,24,0.0999999999999999,0.01999999999999998,0.041666666666666664,0.020000000000000184,0.0999999999999999,0.2999999999999997,0.4999999999999993,0.07039999999999977,14.204545454545501,0.3783333333333323,baixa,17,6,0.7083333333333334,0.25,24,24,24,0.02,0.1,0.02,0.1,nenhum,2015-02-28,2026-04-30
etfs_com_ouro_petroleo,max_sharpe,etfs_com_ouro_petroleo__max_sharpe,2015-02-28,2026-04-30,135,4.746363140546453,0.17695973677995186,0.1695137962119282,0.12701570200814155,1.3932115004852625,2.529322561887642,-0.181225860675732,0.9353731061332343,0.6518518518518519,0.15051994877873107,-0.10136749696574254,26,26,0.09999999999999941,0.01999999999999988,0.038461538461538464,0.01999999999999988,0.09999999999999941,0.2999999999999982,0.46935238929824763,0.06242365951832711,16.019567063453042,0.3608904350864588,baixa,18,3,0.6923076923076923,0.11538461538461539,26,26,26,0.02,0.1,0.02,0.1,nenhum,2015-02-28,2026-04-30
etfs_com_petroleo,max_sharpe,etfs_com_petroleo__max_sharpe,2015-02-28,2026-04-30,135,4.680519797922233,0.17812507911863049,0.168307437106608,0.13696583782783875,1.3005073523700665,2.2373985829504837,-0.1972890109545622,0.8531009218013214,0.6296296296296297,0.16211870708526033,-0.11337870776079582,25,25,0.09999999999999994,0.019999999999999987,0.04,0.019999999999999987,0.09999999999999994,0.2999999999999998,0.49999999999999967,0.06868081622953247,14.560106517342234,0.37410853901964747,baixa,17,6,0.68,0.24,25,25,25,0.02,0.1,0.02,0.1,nenhum,2015-02-28,2026-04-30
etfs_com_tudo,min_vol,etfs_com_tudo__min_vol,2015-02-28,2026-04-30,135,4.140972604967342,0.165575877706216,0.15791238078785352,0.12062574848884905,1.372641246006629,2.157113468857338,-0.17787690150370206,0.8877621515380791,0.674074074074074,0.1425170029842622,-0.10612103139928229,27,27,0.09999999999999998,0.019999999999999997,0.037037037037037035,0.020000000000000052,0.09999999999999998,0.29999999999999993,0.49999999999999967,0.06386065234670041,15.659094657708561,0.36054028524249015,baixa,19,5,0.7037037037037037,0.18518518518518517,27,27,27,0.02,0.1,0.02,0.1,nenhum,2015-02-28,2026-04-30
etfs_com_ouro_btc,min_vol,etfs_com_ouro_btc__min_vol,2015-02-28,2026-04-30,135,4.137030651645679,0.16609611106781735,0.1578328436475378,0.12370670552203994,1.3426605321586647,2.428549738209003,-0.21127466812493234,0.7470504866878174,0.674074074074074,0.14598727438480985,-0.09671036547322934,26,26,0.09999999999999998,0.019999999999999997,0.03846153846153846,0.020000000000000018,0.09999999999999998,0.2999999999999999,0.4999999999999997,0.06752865923359201,14.808527391915872,0.36895464186741633,baixa,18,5,0.6923076923076923,0.19230769230769232,26,26,26,0.02,0.1,0.02,0.1,nenhum,2015-02-28,2026-04-30
etfs_global,max_sharpe,etfs_global__max_sharpe,2015-02-28,2026-04-30,135,3.8076970298454116,0.16860430947894006,0.15098322294641364,0.16348591666953435,1.0313078515487781,1.7457221692790617,-0.29009286930113,0.5204651300466334,0.5925925925925926,0.1828410141708794,-0.15232500677027938,3,3,0.3333333333333333,0.3333333333333333,0.3333333333333333,0.3333333333333333,0.3333333333333333,1.0,1.0,0.3333333333333333,3.0,0.0,alta,0,3,0.0,1.0,3,3,3,0.02,0.1,0.02,0.3333333333333333,ajuste_max_para_viabilidade,2015-02-28,2026-04-30
etfs_global,min_vol,etfs_global__min_vol,2015-02-28,2026-04-30,135,3.8076970298454116,0.16860430947894006,0.15098322294641364,0.16348591666953435,1.0313078515487781,1.7457221692790617,-0.29009286930113,0.5204651300466334,0.5925925925925926,0.1828410141708794,-0.15232500677027938,3,3,0.3333333333333333,0.3333333333333333,0.3333333333333333,0.3333333333333333,0.3333333333333333,1.0,1.0,0.3333333333333333,3.0,0.0,alta,0,3,0.0,1.0,3,3,3,0.02,0.1,0.02,0.3333333333333333,ajuste_max_para_viabilidade,2015-02-28,2026-04-30
etfs_com_btc,min_vol,etfs_com_btc__min_vol,2015-02-28,2026-04-30,135,3.7565472736108267,0.16118690022126425,0.1498812663124598,0.1320310515068647,1.2208256950288974,2.0501500945081634,-0.2314047352407953,0.647701811963771,0.6518518518518519,0.15823585951969754,-0.10901838634175047,25,25,0.1,0.02,0.04,0.020000000000000014,0.1,0.30000000000000004,0.5,0.06533850094113233,15.30491189109105,0.36895525463761114,baixa,15,5,0.6,0.2,25,25,25,0.02,0.1,0.02,0.1,nenhum,2015-02-28,2026-04-30
etfs_latam,max_sharpe,etfs_latam__max_sharpe,2015-02-28,2026-04-30,135,3.721646892241285,0.17308410364635274,0.14912317280704546,0.18670189147877456,0.9270613290279923,1.4529763547874572,-0.25289233916005915,0.5896705819651709,0.6222222222222222,0.2111558887547746,-0.1746049130987212,3,3,0.3333333333333333,0.3333333333333333,0.3333333333333333,0.3333333333333333,0.3333333333333333,1.0,1.0,0.3333333333333333,3.0,0.0,alta,0,3,0.0,1.0,3,3,3,0.02,0.1,0.02,0.3333333333333333,ajuste_max_para_viabilidade,2015-02-28,2026-04-30
etfs_latam,min_vol,etfs_latam__min_vol,2015-02-28,2026-04-30,135,3.721646892241285,0.17308410364635274,0.14912317280704546,0.18670189147877456,0.9270613290279923,1.4529763547874572,-0.25289233916005915,0.5896705819651709,0.6222222222222222,0.2111558887547746,-0.1746049130987212,3,3,0.3333333333333333,0.3333333333333333,0.3333333333333333,0.3333333333333333,0.3333333333333333,1.0,1.0,0.3333333333333333,3.0,0.0,alta,0,3,0.0,1.0,3,3,3,0.02,0.1,0.02,0.3333333333333333,ajuste_max_para_viabilidade,2015-02-28,2026-04-30
etfs_com_btc_petroleo,min_vol,etfs_com_btc_petroleo__min_vol,2015-02-28,2026-04-30,135,3.7153199961392804,0.15997703255171628,0.14898519625498952,0.1295685498172158,1.2346903070027269,1.8671987827890815,-0.19516602155623852,0.7633767141790013,0.6666666666666666,0.1561315540055184,-0.121479526508597,26,26,0.09999999999999996,0.01999999999999999,0.03846153846153845,0.019999999999999997,0.09999999999999996,0.2999999999999999,0.4999999999999997,0.06396797093306168,15.632823511729564,0.36444208151750557,baixa,17,5,0.6538461538461539,0.19230769230769232,26,26,26,0.02,0.1,0.02,0.1,nenhum,2015-02-28,2026-04-30
etfs_com_ouro,min_vol,etfs_com_ouro__min_vol,2015-02-28,2026-04-30,135,3.447611190606419,0.15278712567547725,0.14298677988620367,0.12243215774824096,1.2479329653705498,2.239436447052336,-0.19906741801984618,0.7182831892256145,0.6666666666666666,0.1435233707721494,-0.09822956020226065,25,25,0.1,0.02,0.04000000000000001,0.02000000000000002,0.1,0.30000000000000004,0.5,0.06857252903218777,14.583099298125676,0.3735083111271551,baixa,16,6,0.64,0.24,25,25,25,0.02,0.1,0.02,0.1,nenhum,2015-02-28,2026-04-30
etfs_com_ouro_petroleo,min_vol,etfs_com_ouro_petroleo__min_vol,2015-02-28,2026-04-30,135,3.4277784368461086,0.15183669980337344,0.1425294210636685,0.11945045436217608,1.2711270175917593,1.9811634193565624,-0.16461181603868047,0.865851701861894,0.6296296296296297,0.14044148614150828,-0.10369152309810742,26,26,0.1,0.02,0.03846153846153847,0.02,0.1,0.30000000000000004,0.4974889079631391,0.06427658895281341,15.557763974284912,0.36575589362716787,baixa,18,4,0.6923076923076923,0.15384615384615385,26,26,26,0.02,0.1,0.02,0.1,nenhum,2015-02-28,2026-04-30
etfs_todos,min_vol,etfs_todos__min_vol,2015-02-28,2026-04-30,135,3.1766201238615652,0.14917053490377807,0.1365702041310417,0.1308153638038055,1.1403135730104401,1.9313514211523575,-0.21793280771527024,0.626661976977193,0.6518518518518519,0.15609934288060584,-0.10878638025017959,24,24,0.1,0.02,0.041666666666666664,0.02000000000000001,0.1,0.30000000000000004,0.5,0.06665983244832403,15.001537856777828,0.3710831307948568,baixa,14,5,0.5833333333333334,0.20833333333333334,24,24,24,0.02,0.1,0.02,0.1,nenhum,2015-02-28,2026-04-30
etfs_com_petroleo,min_vol,etfs_com_petroleo__min_vol,2015-02-28,2026-04-30,135,3.1272765781751213,0.14767266514049826,0.13536120733514978,0.12846350828020914,1.149530065910931,1.7363263244441256,-0.18290539969672104,0.7400612970398621,0.6592592592592592,0.1537173985763413,-0.11924506109651781,25,25,0.09999999999999992,0.019999999999999983,0.04,0.019999999999999993,0.09999999999999992,0.29999999999999977,0.4999999999999996,0.06465751564365861,15.466106144739827,0.3658399123820124,baixa,15,5,0.6,0.2,25,25,25,0.02,0.1,0.02,0.1,nenhum,2015-02-28,2026-04-30
etfs_asia,max_sharpe,etfs_asia__max_sharpe,2015-02-28,2026-04-30,135,3.121192668677643,0.15486380267827396,0.13521123150547587,0.17353655822104683,0.8923987214325875,1.4241226171644925,-0.3707826181660434,0.3646644283765366,0.6444444444444445,0.18213372517861415,-0.17808982629322614,6,6,0.16666666666666669,0.16666666666666669,0.1666666666666667,0.16666666666666669,0.16666666666666669,0.5,0.8333333333333335,0.1666666666666667,5.999999999999998,-4.440892098500626e-16,media,0,6,0.0,1.0,6,6,6,0.02,0.1,0.02,0.16666666666666666,ajuste_max_para_viabilidade,2015-02-28,2026-04-30
etfs_asia,min_vol,etfs_asia__min_vol,2015-02-28,2026-04-30,135,3.121192668677643,0.15486380267827396,0.13521123150547587,0.17353655822104683,0.8923987214325875,1.4241226171644925,-0.3707826181660434,0.3646644283765366,0.6444444444444445,0.18213372517861415,-0.17808982629322614,6,6,0.16666666666666669,0.16666666666666669,0.1666666666666667,0.16666666666666669,0.16666666666666669,0.5,0.8333333333333335,0.1666666666666667,5.999999999999998,-4.440892098500626e-16,media,0,6,0.0,1.0,6,6,6,0.02,0.1,0.02,0.16666666666666666,ajuste_max_para_viabilidade,2015-02-28,2026-04-30
etfs_exterior,min_vol,etfs_exterior__min_vol,2015-02-28,2026-04-30,135,3.1195117592236716,0.15256644344106637,0.1351697594865564,0.1503173906674449,1.0149620264404215,1.6211258198246572,-0.22527709227691062,0.6000155547125303,0.6518518518518519,0.18073501809207326,-0.16645736654781462,22,22,0.09999999999999998,0.019999999999999997,0.04545454545454544,0.020000000000000063,0.09999999999999998,0.29999999999999993,0.4999999999999999,0.07205886200141869,13.877543611225946,0.37671266363421885,baixa,12,6,0.5454545454545454,0.2727272727272727,22,22,22,0.02,0.1,0.02,0.1,nenhum,2015-02-28,2026-04-30
etfs_desenvolvidos_emergentes,max_sharpe,etfs_desenvolvidos_emergentes__max_sharpe,2015-02-28,2026-04-30,135,2.868644269192397,0.1472427970067578,0.12880053275133352,0.15523117739634315,0.9485388146661474,1.4792538809166107,-0.314045689380536,0.4101331019871542,0.6444444444444445,0.1751545947898494,-0.15889092348866662,2,2,0.5,0.5,0.5,0.5,0.5,1.0,1.0,0.5,2.0,0.0,alta,0,2,0.0,1.0,2,2,2,0.02,0.1,0.02,0.5,ajuste_max_para_viabilidade,2015-02-28,2026-04-30
etfs_desenvolvidos_emergentes,min_vol,etfs_desenvolvidos_emergentes__min_vol,2015-02-28,2026-04-30,135,2.868644269192397,0.1472427970067578,0.12880053275133352,0.15523117739634315,0.9485388146661474,1.4792538809166107,-0.314045689380536,0.4101331019871542,0.6444444444444445,0.1751545947898494,-0.15889092348866662,2,2,0.5,0.5,0.5,0.5,0.5,1.0,1.0,0.5,2.0,0.0,alta,0,2,0.0,1.0,2,2,2,0.02,0.1,0.02,0.5,ajuste_max_para_viabilidade,2015-02-28,2026-04-30
etfs_europa,max_sharpe,etfs_europa__max_sharpe,2015-02-28,2026-04-30,135,2.5154264427266675,0.14249423615953682,0.11916354072761881,0.17433331812840042,0.8173666266971791,1.2816753288387708,-0.33705643001506136,0.3535418111510111,0.6074074074074074,0.18493559992309994,-0.15070083859798547,3,3,0.3333333333333333,0.3333333333333333,0.3333333333333333,0.3333333333333333,0.3333333333333333,1.0,1.0,0.3333333333333333,3.0,0.0,alta,0,3,0.0,1.0,3,3,3,0.02,0.1,0.02,0.3333333333333333,ajuste_max_para_viabilidade,2015-02-28,2026-04-30
etfs_europa,min_vol,etfs_europa__min_vol,2015-02-28,2026-04-30,135,2.5154264427266675,0.14249423615953682,0.11916354072761881,0.17433331812840042,0.8173666266971791,1.2816753288387708,-0.33705643001506136,0.3535418111510111,0.6074074074074074,0.18493559992309994,-0.15070083859798547,3,3,0.3333333333333333,0.3333333333333333,0.3333333333333333,0.3333333333333333,0.3333333333333333,1.0,1.0,0.3333333333333333,3.0,0.0,alta,0,3,0.0,1.0,3,3,3,0.02,0.1,0.02,0.3333333333333333,ajuste_max_para_viabilidade,2015-02-28,2026-04-30
etfs_brasil,max_sharpe,etfs_brasil__max_sharpe,2015-02-28,2026-04-30,135,2.1760243603298433,0.13717804934914263,0.10903389652758522,0.22882591122595267,0.5994865206226014,0.7941913119378834,-0.39950601292064114,0.2729217909149317,0.5703703703703704,0.1667489810309566,-0.34272874459931685,2,2,0.5,0.5,0.5,0.5,0.5,1.0,1.0,0.5,2.0,0.0,alta,0,2,0.0,1.0,2,2,2,0.02,0.1,0.02,0.5,ajuste_max_para_viabilidade,2015-02-28,2026-04-30
etfs_brasil,min_vol,etfs_brasil__min_vol,2015-02-28,2026-04-30,135,2.1760243603298433,0.13717804934914263,0.10903389652758522,0.22882591122595267,0.5994865206226014,0.7941913119378834,-0.39950601292064114,0.2729217909149317,0.5703703703703704,0.1667489810309566,-0.34272874459931685,2,2,0.5,0.5,0.5,0.5,0.5,1.0,1.0,0.5,2.0,0.0,alta,0,2,0.0,1.0,2,2,2,0.02,0.1,0.02,0.5,ajuste_max_para_viabilidade,2015-02-28,2026-04-30
etfs_oceania,max_sharpe,etfs_oceania__max_sharpe,2015-02-28,2026-04-30,135,2.082984363678859,0.13326337534809335,0.10608493341222269,0.1844917873849193,0.7223268701389715,1.3033494627051305,-0.3108083787756095,0.34131941304198726,0.5555555555555556,0.19685112971945862,-0.1418277698311326,2,2,0.5,0.5,0.5,0.5,0.5,1.0,1.0,0.5,2.0,0.0,alta,0,2,0.0,1.0,2,2,2,0.02,0.1,0.02,0.5,ajuste_max_para_viabilidade,2015-02-28,2026-04-30
etfs_oceania,min_vol,etfs_oceania__min_vol,2015-02-28,2026-04-30,135,2.082984363678859,0.13326337534809335,0.10608493341222269,0.1844917873849193,0.7223268701389715,1.3033494627051305,-0.3108083787756095,0.34131941304198726,0.5555555555555556,0.19685112971945862,-0.1418277698311326,2,2,0.5,0.5,0.5,0.5,0.5,1.0,1.0,0.5,2.0,0.0,alta,0,2,0.0,1.0,2,2,2,0.02,0.1,0.02,0.5,ajuste_max_para_viabilidade,2015-02-28,2026-04-30
