carteira,tipo,carteira_tipo,ativo,peso_%
etfs_america_norte,max_sharpe,etfs_america_norte__max_sharpe,QQQ,84.6595
etfs_america_norte,max_sharpe,etfs_america_norte__max_sharpe,XLE,15.3405
etfs_america_norte,max_sharpe,etfs_america_norte__max_sharpe,SPY,0.0
etfs_america_norte,min_vol,etfs_america_norte__min_vol,SPY,87.0115
etfs_america_norte,min_vol,etfs_america_norte__min_vol,XLE,12.9885
etfs_america_norte,min_vol,etfs_america_norte__min_vol,QQQ,0.0
etfs_asia,max_sharpe,etfs_asia__max_sharpe,EWT,78.7718
etfs_asia,max_sharpe,etfs_asia__max_sharpe,EWJ,21.2282
etfs_asia,max_sharpe,etfs_asia__max_sharpe,EWH,0.0
etfs_asia,max_sharpe,etfs_asia__max_sharpe,EWY,0.0
etfs_asia,max_sharpe,etfs_asia__max_sharpe,INDA,0.0
etfs_asia,max_sharpe,etfs_asia__max_sharpe,MCHI,0.0
etfs_asia,min_vol,etfs_asia__min_vol,EWJ,47.8983
etfs_asia,min_vol,etfs_asia__min_vol,EWH,26.2305
etfs_asia,min_vol,etfs_asia__min_vol,INDA,16.994
etfs_asia,min_vol,etfs_asia__min_vol,EWT,8.8773
etfs_asia,min_vol,etfs_asia__min_vol,EWY,0.0
etfs_asia,min_vol,etfs_asia__min_vol,MCHI,0.0
etfs_brasil,max_sharpe,etfs_brasil__max_sharpe,BOVA11.SA,100.0
etfs_brasil,max_sharpe,etfs_brasil__max_sharpe,SMAL11.SA,0.0
etfs_brasil,min_vol,etfs_brasil__min_vol,BOVA11.SA,100.0
etfs_brasil,min_vol,etfs_brasil__min_vol,SMAL11.SA,0.0
etfs_com_btc,max_sharpe,etfs_com_btc__max_sharpe,BOVA11.SA,35.4689
etfs_com_btc,max_sharpe,etfs_com_btc__max_sharpe,QQQ,30.2902
etfs_com_btc,max_sharpe,etfs_com_btc__max_sharpe,EWT,20.0739
etfs_com_btc,max_sharpe,etfs_com_btc__max_sharpe,BTC-USD,10.9876
etfs_com_btc,max_sharpe,etfs_com_btc__max_sharpe,ARGT,2.3035
etfs_com_btc,max_sharpe,etfs_com_btc__max_sharpe,MCHI,0.8761
etfs_com_btc,max_sharpe,etfs_com_btc__max_sharpe,ACWI,0.0
etfs_com_btc,max_sharpe,etfs_com_btc__max_sharpe,ECH,0.0
etfs_com_btc,max_sharpe,etfs_com_btc__max_sharpe,ENZL,0.0
etfs_com_btc,max_sharpe,etfs_com_btc__max_sharpe,EWA,0.0
etfs_com_btc,min_vol,etfs_com_btc__min_vol,BOVA11.SA,36.9452
etfs_com_btc,min_vol,etfs_com_btc__min_vol,EWJ,26.1415
etfs_com_btc,min_vol,etfs_com_btc__min_vol,EWU,14.2619
etfs_com_btc,min_vol,etfs_com_btc__min_vol,EWH,10.4643
etfs_com_btc,min_vol,etfs_com_btc__min_vol,SPY,9.2232
etfs_com_btc,min_vol,etfs_com_btc__min_vol,MCHI,2.964
etfs_com_btc,min_vol,etfs_com_btc__min_vol,ACWI,0.0
etfs_com_btc,min_vol,etfs_com_btc__min_vol,ARGT,0.0
etfs_com_btc,min_vol,etfs_com_btc__min_vol,BTC-USD,0.0
etfs_com_btc,min_vol,etfs_com_btc__min_vol,ECH,0.0
etfs_com_btc_petroleo,max_sharpe,etfs_com_btc_petroleo__max_sharpe,BOVA11.SA,34.0548
etfs_com_btc_petroleo,max_sharpe,etfs_com_btc_petroleo__max_sharpe,QQQ,29.1169
etfs_com_btc_petroleo,max_sharpe,etfs_com_btc_petroleo__max_sharpe,EWT,19.9515
etfs_com_btc_petroleo,max_sharpe,etfs_com_btc_petroleo__max_sharpe,BTC-USD,10.7754
etfs_com_btc_petroleo,max_sharpe,etfs_com_btc_petroleo__max_sharpe,USO,4.8373
etfs_com_btc_petroleo,max_sharpe,etfs_com_btc_petroleo__max_sharpe,ARGT,1.1998
etfs_com_btc_petroleo,max_sharpe,etfs_com_btc_petroleo__max_sharpe,MCHI,0.0642
etfs_com_btc_petroleo,max_sharpe,etfs_com_btc_petroleo__max_sharpe,ACWI,0.0
etfs_com_btc_petroleo,max_sharpe,etfs_com_btc_petroleo__max_sharpe,ECH,0.0
etfs_com_btc_petroleo,max_sharpe,etfs_com_btc_petroleo__max_sharpe,ENZL,0.0
etfs_com_btc_petroleo,min_vol,etfs_com_btc_petroleo__min_vol,BOVA11.SA,36.0978
etfs_com_btc_petroleo,min_vol,etfs_com_btc_petroleo__min_vol,EWJ,29.0389
etfs_com_btc_petroleo,min_vol,etfs_com_btc_petroleo__min_vol,EWH,13.9973
etfs_com_btc_petroleo,min_vol,etfs_com_btc_petroleo__min_vol,SPY,9.5794
etfs_com_btc_petroleo,min_vol,etfs_com_btc_petroleo__min_vol,EWU,6.012
etfs_com_btc_petroleo,min_vol,etfs_com_btc_petroleo__min_vol,USO,4.353
etfs_com_btc_petroleo,min_vol,etfs_com_btc_petroleo__min_vol,MCHI,0.9216
etfs_com_btc_petroleo,min_vol,etfs_com_btc_petroleo__min_vol,ACWI,0.0
etfs_com_btc_petroleo,min_vol,etfs_com_btc_petroleo__min_vol,ARGT,0.0
etfs_com_btc_petroleo,min_vol,etfs_com_btc_petroleo__min_vol,BTC-USD,0.0
etfs_com_ouro,max_sharpe,etfs_com_ouro__max_sharpe,GLD,38.3023
etfs_com_ouro,max_sharpe,etfs_com_ouro__max_sharpe,BOVA11.SA,31.0311
etfs_com_ouro,max_sharpe,etfs_com_ouro__max_sharpe,QQQ,23.9499
etfs_com_ouro,max_sharpe,etfs_com_ouro__max_sharpe,ARGT,3.8279
etfs_com_ouro,max_sharpe,etfs_com_ouro__max_sharpe,XLE,2.8888
etfs_com_ouro,max_sharpe,etfs_com_ouro__max_sharpe,ACWI,0.0
etfs_com_ouro,max_sharpe,etfs_com_ouro__max_sharpe,ECH,0.0
etfs_com_ouro,max_sharpe,etfs_com_ouro__max_sharpe,ENZL,0.0
etfs_com_ouro,max_sharpe,etfs_com_ouro__max_sharpe,EWA,0.0
etfs_com_ouro,max_sharpe,etfs_com_ouro__max_sharpe,EWG,0.0
etfs_com_ouro,min_vol,etfs_com_ouro__min_vol,GLD,34.4356
etfs_com_ouro,min_vol,etfs_com_ouro__min_vol,BOVA11.SA,33.8448
etfs_com_ouro,min_vol,etfs_com_ouro__min_vol,EWU,12.2227
etfs_com_ouro,min_vol,etfs_com_ouro__min_vol,EWJ,7.787
etfs_com_ouro,min_vol,etfs_com_ouro__min_vol,SPY,6.4884
etfs_com_ouro,min_vol,etfs_com_ouro__min_vol,EWH,4.2772
etfs_com_ouro,min_vol,etfs_com_ouro__min_vol,XLE,0.5827
etfs_com_ouro,min_vol,etfs_com_ouro__min_vol,MCHI,0.3615
etfs_com_ouro,min_vol,etfs_com_ouro__min_vol,ACWI,0.0
etfs_com_ouro,min_vol,etfs_com_ouro__min_vol,ARGT,0.0
etfs_com_ouro_btc,max_sharpe,etfs_com_ouro_btc__max_sharpe,GLD,39.6125
etfs_com_ouro_btc,max_sharpe,etfs_com_ouro_btc__max_sharpe,BOVA11.SA,31.671
etfs_com_ouro_btc,max_sharpe,etfs_com_ouro_btc__max_sharpe,QQQ,17.6651
etfs_com_ouro_btc,max_sharpe,etfs_com_ouro_btc__max_sharpe,BTC-USD,6.9756
etfs_com_ouro_btc,max_sharpe,etfs_com_ouro_btc__max_sharpe,XLE,2.8167
etfs_com_ouro_btc,max_sharpe,etfs_com_ouro_btc__max_sharpe,ARGT,1.2591
etfs_com_ouro_btc,max_sharpe,etfs_com_ouro_btc__max_sharpe,ACWI,0.0
etfs_com_ouro_btc,max_sharpe,etfs_com_ouro_btc__max_sharpe,ECH,0.0
etfs_com_ouro_btc,max_sharpe,etfs_com_ouro_btc__max_sharpe,ENZL,0.0
etfs_com_ouro_btc,max_sharpe,etfs_com_ouro_btc__max_sharpe,EWA,0.0
etfs_com_ouro_btc,min_vol,etfs_com_ouro_btc__min_vol,GLD,34.4357
etfs_com_ouro_btc,min_vol,etfs_com_ouro_btc__min_vol,BOVA11.SA,33.8448
etfs_com_ouro_btc,min_vol,etfs_com_ouro_btc__min_vol,EWU,12.2227
etfs_com_ouro_btc,min_vol,etfs_com_ouro_btc__min_vol,EWJ,7.787
etfs_com_ouro_btc,min_vol,etfs_com_ouro_btc__min_vol,SPY,6.4884
etfs_com_ouro_btc,min_vol,etfs_com_ouro_btc__min_vol,EWH,4.2772
etfs_com_ouro_btc,min_vol,etfs_com_ouro_btc__min_vol,XLE,0.5827
etfs_com_ouro_btc,min_vol,etfs_com_ouro_btc__min_vol,MCHI,0.3615
etfs_com_ouro_btc,min_vol,etfs_com_ouro_btc__min_vol,ACWI,0.0
etfs_com_ouro_btc,min_vol,etfs_com_ouro_btc__min_vol,ARGT,0.0
etfs_com_ouro_petroleo,max_sharpe,etfs_com_ouro_petroleo__max_sharpe,GLD,38.5593
etfs_com_ouro_petroleo,max_sharpe,etfs_com_ouro_petroleo__max_sharpe,BOVA11.SA,30.097
etfs_com_ouro_petroleo,max_sharpe,etfs_com_ouro_petroleo__max_sharpe,QQQ,22.7256
etfs_com_ouro_petroleo,max_sharpe,etfs_com_ouro_petroleo__max_sharpe,USO,5.7575
etfs_com_ouro_petroleo,max_sharpe,etfs_com_ouro_petroleo__max_sharpe,ARGT,2.8606
etfs_com_ouro_petroleo,max_sharpe,etfs_com_ouro_petroleo__max_sharpe,ACWI,0.0
etfs_com_ouro_petroleo,max_sharpe,etfs_com_ouro_petroleo__max_sharpe,ECH,0.0
etfs_com_ouro_petroleo,max_sharpe,etfs_com_ouro_petroleo__max_sharpe,ENZL,0.0
etfs_com_ouro_petroleo,max_sharpe,etfs_com_ouro_petroleo__max_sharpe,EWA,0.0
etfs_com_ouro_petroleo,max_sharpe,etfs_com_ouro_petroleo__max_sharpe,EWG,0.0
etfs_com_ouro_petroleo,min_vol,etfs_com_ouro_petroleo__min_vol,GLD,36.3512
etfs_com_ouro_petroleo,min_vol,etfs_com_ouro_petroleo__min_vol,BOVA11.SA,32.4642
etfs_com_ouro_petroleo,min_vol,etfs_com_ouro_petroleo__min_vol,EWJ,10.217
etfs_com_ouro_petroleo,min_vol,etfs_com_ouro_petroleo__min_vol,SPY,7.2229
etfs_com_ouro_petroleo,min_vol,etfs_com_ouro_petroleo__min_vol,USO,6.9072
etfs_com_ouro_petroleo,min_vol,etfs_com_ouro_petroleo__min_vol,EWH,6.1451
etfs_com_ouro_petroleo,min_vol,etfs_com_ouro_petroleo__min_vol,EWU,0.6926
etfs_com_ouro_petroleo,min_vol,etfs_com_ouro_petroleo__min_vol,ACWI,0.0
etfs_com_ouro_petroleo,min_vol,etfs_com_ouro_petroleo__min_vol,ARGT,0.0
etfs_com_ouro_petroleo,min_vol,etfs_com_ouro_petroleo__min_vol,ECH,0.0
etfs_com_petroleo,max_sharpe,etfs_com_petroleo__max_sharpe,QQQ,42.7326
etfs_com_petroleo,max_sharpe,etfs_com_petroleo__max_sharpe,BOVA11.SA,34.0122
etfs_com_petroleo,max_sharpe,etfs_com_petroleo__max_sharpe,EWT,14.1572
etfs_com_petroleo,max_sharpe,etfs_com_petroleo__max_sharpe,ARGT,5.3369
etfs_com_petroleo,max_sharpe,etfs_com_petroleo__max_sharpe,USO,3.7611
etfs_com_petroleo,max_sharpe,etfs_com_petroleo__max_sharpe,ACWI,0.0
etfs_com_petroleo,max_sharpe,etfs_com_petroleo__max_sharpe,ECH,0.0
etfs_com_petroleo,max_sharpe,etfs_com_petroleo__max_sharpe,ENZL,0.0
etfs_com_petroleo,max_sharpe,etfs_com_petroleo__max_sharpe,EWA,0.0
etfs_com_petroleo,max_sharpe,etfs_com_petroleo__max_sharpe,EWG,0.0
etfs_com_petroleo,min_vol,etfs_com_petroleo__min_vol,BOVA11.SA,36.0978
etfs_com_petroleo,min_vol,etfs_com_petroleo__min_vol,EWJ,29.0389
etfs_com_petroleo,min_vol,etfs_com_petroleo__min_vol,EWH,13.9972
etfs_com_petroleo,min_vol,etfs_com_petroleo__min_vol,SPY,9.5794
etfs_com_petroleo,min_vol,etfs_com_petroleo__min_vol,EWU,6.0121
etfs_com_petroleo,min_vol,etfs_com_petroleo__min_vol,USO,4.353
etfs_com_petroleo,min_vol,etfs_com_petroleo__min_vol,MCHI,0.9216
etfs_com_petroleo,min_vol,etfs_com_petroleo__min_vol,ACWI,0.0
etfs_com_petroleo,min_vol,etfs_com_petroleo__min_vol,ARGT,0.0
etfs_com_petroleo,min_vol,etfs_com_petroleo__min_vol,ECH,0.0
etfs_com_tudo,max_sharpe,etfs_com_tudo__max_sharpe,GLD,39.8623
etfs_com_tudo,max_sharpe,etfs_com_tudo__max_sharpe,BOVA11.SA,30.4452
etfs_com_tudo,max_sharpe,etfs_com_tudo__max_sharpe,QQQ,16.2439
etfs_com_tudo,max_sharpe,etfs_com_tudo__max_sharpe,BTC-USD,6.7363
etfs_com_tudo,max_sharpe,etfs_com_tudo__max_sharpe,USO,6.5406
etfs_com_tudo,max_sharpe,etfs_com_tudo__max_sharpe,ARGT,0.1716
etfs_com_tudo,max_sharpe,etfs_com_tudo__max_sharpe,ACWI,0.0
etfs_com_tudo,max_sharpe,etfs_com_tudo__max_sharpe,ECH,0.0
etfs_com_tudo,max_sharpe,etfs_com_tudo__max_sharpe,ENZL,0.0
etfs_com_tudo,max_sharpe,etfs_com_tudo__max_sharpe,EWA,0.0
etfs_com_tudo,min_vol,etfs_com_tudo__min_vol,GLD,36.3789
etfs_com_tudo,min_vol,etfs_com_tudo__min_vol,BOVA11.SA,32.4452
etfs_com_tudo,min_vol,etfs_com_tudo__min_vol,EWJ,10.3166
etfs_com_tudo,min_vol,etfs_com_tudo__min_vol,USO,6.9351
etfs_com_tudo,min_vol,etfs_com_tudo__min_vol,SPY,6.8372
etfs_com_tudo,min_vol,etfs_com_tudo__min_vol,EWH,6.2186
etfs_com_tudo,min_vol,etfs_com_tudo__min_vol,EWU,0.6754
etfs_com_tudo,min_vol,etfs_com_tudo__min_vol,BTC-USD,0.1931
etfs_com_tudo,min_vol,etfs_com_tudo__min_vol,ACWI,0.0
etfs_com_tudo,min_vol,etfs_com_tudo__min_vol,ARGT,0.0
etfs_desenvolvidos_emergentes,max_sharpe,etfs_desenvolvidos_emergentes__max_sharpe,VEA,68.229
etfs_desenvolvidos_emergentes,max_sharpe,etfs_desenvolvidos_emergentes__max_sharpe,IEMG,31.771
etfs_desenvolvidos_emergentes,min_vol,etfs_desenvolvidos_emergentes__min_vol,IEMG,58.486
etfs_desenvolvidos_emergentes,min_vol,etfs_desenvolvidos_emergentes__min_vol,VEA,41.514
etfs_europa,max_sharpe,etfs_europa__max_sharpe,FEZ,51.0996
etfs_europa,max_sharpe,etfs_europa__max_sharpe,EWU,48.9004
etfs_europa,max_sharpe,etfs_europa__max_sharpe,EWG,0.0
etfs_europa,min_vol,etfs_europa__min_vol,EWU,100.0
etfs_europa,min_vol,etfs_europa__min_vol,EWG,0.0
etfs_europa,min_vol,etfs_europa__min_vol,FEZ,0.0
etfs_exterior,max_sharpe,etfs_exterior__max_sharpe,QQQ,43.651
etfs_exterior,max_sharpe,etfs_exterior__max_sharpe,EWT,27.0742
etfs_exterior,max_sharpe,etfs_exterior__max_sharpe,ARGT,22.8244
etfs_exterior,max_sharpe,etfs_exterior__max_sharpe,XLE,6.4504
etfs_exterior,max_sharpe,etfs_exterior__max_sharpe,ACWI,0.0
etfs_exterior,max_sharpe,etfs_exterior__max_sharpe,ECH,0.0
etfs_exterior,max_sharpe,etfs_exterior__max_sharpe,ENZL,0.0
etfs_exterior,max_sharpe,etfs_exterior__max_sharpe,EWA,0.0
etfs_exterior,max_sharpe,etfs_exterior__max_sharpe,EWG,0.0
etfs_exterior,max_sharpe,etfs_exterior__max_sharpe,EWH,0.0
etfs_exterior,min_vol,etfs_exterior__min_vol,IEMG,33.7127
etfs_exterior,min_vol,etfs_exterior__min_vol,EWU,28.1333
etfs_exterior,min_vol,etfs_exterior__min_vol,EWW,10.9677
etfs_exterior,min_vol,etfs_exterior__min_vol,ECH,10.4741
etfs_exterior,min_vol,etfs_exterior__min_vol,EWJ,7.7927
etfs_exterior,min_vol,etfs_exterior__min_vol,ARGT,4.9826
etfs_exterior,min_vol,etfs_exterior__min_vol,EWH,2.8219
etfs_exterior,min_vol,etfs_exterior__min_vol,SPY,1.1149
etfs_exterior,min_vol,etfs_exterior__min_vol,ACWI,0.0
etfs_exterior,min_vol,etfs_exterior__min_vol,ENZL,0.0
etfs_global,max_sharpe,etfs_global__max_sharpe,ACWI,100.0
etfs_global,max_sharpe,etfs_global__max_sharpe,VEA,0.0
etfs_global,max_sharpe,etfs_global__max_sharpe,VT,0.0
etfs_global,min_vol,etfs_global__min_vol,VEA,55.3486
etfs_global,min_vol,etfs_global__min_vol,ACWI,44.6514
etfs_global,min_vol,etfs_global__min_vol,VT,0.0
etfs_latam,max_sharpe,etfs_latam__max_sharpe,ARGT,49.1117
etfs_latam,max_sharpe,etfs_latam__max_sharpe,EWW,37.8286
etfs_latam,max_sharpe,etfs_latam__max_sharpe,ECH,13.0597
etfs_latam,min_vol,etfs_latam__min_vol,EWW,49.2278
etfs_latam,min_vol,etfs_latam__min_vol,ECH,38.6223
etfs_latam,min_vol,etfs_latam__min_vol,ARGT,12.1499
etfs_oceania,max_sharpe,etfs_oceania__max_sharpe,EWA,100.0
etfs_oceania,max_sharpe,etfs_oceania__max_sharpe,ENZL,0.0
etfs_oceania,min_vol,etfs_oceania__min_vol,EWA,69.8932
etfs_oceania,min_vol,etfs_oceania__min_vol,ENZL,30.1068
etfs_todos,max_sharpe,etfs_todos__max_sharpe,QQQ,43.957
etfs_todos,max_sharpe,etfs_todos__max_sharpe,BOVA11.SA,35.1046
etfs_todos,max_sharpe,etfs_todos__max_sharpe,EWT,14.664
etfs_todos,max_sharpe,etfs_todos__max_sharpe,ARGT,6.2745
etfs_todos,max_sharpe,etfs_todos__max_sharpe,ACWI,0.0
etfs_todos,max_sharpe,etfs_todos__max_sharpe,ECH,0.0
etfs_todos,max_sharpe,etfs_todos__max_sharpe,ENZL,0.0
etfs_todos,max_sharpe,etfs_todos__max_sharpe,EWA,0.0
etfs_todos,max_sharpe,etfs_todos__max_sharpe,EWG,0.0
etfs_todos,max_sharpe,etfs_todos__max_sharpe,EWH,0.0
etfs_todos,min_vol,etfs_todos__min_vol,BOVA11.SA,36.9452
etfs_todos,min_vol,etfs_todos__min_vol,EWJ,26.1414
etfs_todos,min_vol,etfs_todos__min_vol,EWU,14.2619
etfs_todos,min_vol,etfs_todos__min_vol,EWH,10.4643
etfs_todos,min_vol,etfs_todos__min_vol,SPY,9.2232
etfs_todos,min_vol,etfs_todos__min_vol,MCHI,2.964
etfs_todos,min_vol,etfs_todos__min_vol,ACWI,0.0
etfs_todos,min_vol,etfs_todos__min_vol,ARGT,0.0
etfs_todos,min_vol,etfs_todos__min_vol,ECH,0.0
etfs_todos,min_vol,etfs_todos__min_vol,ENZL,0.0
