carteira,tipo,coluna_retorno,data_inicio,data_fim,n_meses,retorno_total,retorno_anualizado_media,cagr,vol_anual,sharpe,sortino,max_drawdown,calmar,pct_meses_positivos,melhor_mes,pior_mes,n_ativos_total,n_ativos_com_peso,peso_max,peso_min,peso_medio,peso_mediano,top1_peso,top3_peso,top5_peso,hhi,n_efetivo_ativos,gini_pesos,classificacao_concentracao,n_ativos_universo,n_ativos_validos,n_ativos_com_peso_manifesto,periodo_inicio,periodo_fim
etfs_com_tudo,max_sharpe,etfs_com_tudo__max_sharpe,2015-02-28,2026-04-30,135,9.586269069888134,0.2272445831944635,0.235287433582811,0.11177495773452023,2.0330545213374034,4.4140037391723475,-0.14303749746174754,1.644935333448027,0.7185185185185186,0.1119336353906119,-0.061626224688166635,27,6,0.39757580626967415,0.0,0.037037037037037035,2.746472147892915e-16,0.39757580626967415,0.8659885640739855,0.998500906266504,0.2865021762759022,3.4903748830061168,0.881319979075617,alta,27,27,6,2015-02-28,2026-04-30
etfs_com_ouro_btc,max_sharpe,etfs_com_ouro_btc__max_sharpe,2015-02-28,2026-04-30,135,10.232537739524869,0.23347554583809854,0.2418600221721825,0.11762637195824324,1.9848911596200651,4.648080541265497,-0.1651617456861838,1.4643828155687428,0.7037037037037037,0.14614435235821033,-0.057245094998485964,26,6,0.39512302278819256,0.0,0.03846153846153846,6.345176426799778e-16,0.39512302278819256,0.8902956243634306,0.9875363416372518,0.2941621135332206,3.399486045258738,0.880408737858047,alta,26,26,6,2015-02-28,2026-04-30
etfs_com_ouro_petroleo,max_sharpe,etfs_com_ouro_petroleo__max_sharpe,2015-02-28,2026-04-30,135,6.200626621486776,0.19118820453785745,0.19338185188850732,0.10287479273606312,1.8584553072040917,4.0000274573823145,-0.11740293997608076,1.647163622375268,0.7037037037037037,0.10815289850325084,-0.05016499204463062,26,5,0.38451801097342436,0.0,0.038461538461538464,1.478785025989038e-16,0.38451801097342436,0.9144052073858837,0.9999999999999962,0.2949615951435153,3.3902718742534743,0.8812549913148997,alta,26,26,5,2015-02-28,2026-04-30
etfs_com_ouro,max_sharpe,etfs_com_ouro__max_sharpe,2015-02-28,2026-04-30,135,6.482784393045035,0.195299788624766,0.19749668340113513,0.10735516159679293,1.8191932806945752,3.9891762252909864,-0.13582811172603448,1.4540192077431382,0.6814814814814815,0.13233801954885693,-0.05543010623394067,25,5,0.38197219442456476,0.0,0.04,1.6210048496829467e-16,0.38197219442456476,0.9338246563687047,0.9999999999999954,0.3028364602936119,3.302112298599913,0.8784380898533268,alta,25,25,5,2015-02-28,2026-04-30
etfs_com_btc_petroleo,max_sharpe,etfs_com_btc_petroleo__max_sharpe,2015-02-28,2026-04-30,135,13.666782520002588,0.2669999887224615,0.27188515148973624,0.1559415809430484,1.7121795681933791,2.9603622768339073,-0.2515988746835127,1.0806294417323674,0.6888888888888889,0.16754036591789445,-0.11995016714144623,26,7,0.34063202162887185,0.0,0.03846153846153846,3.38036544423054e-17,0.34063202162887185,0.8305472185960537,0.9865300237999455,0.2547363561522449,3.9256273234996866,0.863712065118688,alta,26,26,7,2015-02-28,2026-04-30
etfs_com_btc,max_sharpe,etfs_com_btc__max_sharpe,2015-02-28,2026-04-30,135,14.340001940121203,0.2717777427022505,0.27700712591061083,0.15991536619276775,1.6995098668294317,3.170194752616234,-0.2726557785485272,1.0159591239373245,0.6962962962962963,0.17149863655319725,-0.1017217970369753,25,6,0.35467781031972323,0.0,0.039999999999999994,5.61866777047117e-17,0.35467781031972323,0.8573758598462149,0.9904495680517454,0.2705378650618196,3.696340250824016,0.866329194925852,alta,25,25,6,2015-02-28,2026-04-30
etfs_com_petroleo,max_sharpe,etfs_com_petroleo__max_sharpe,2015-02-28,2026-04-30,135,7.069237941292771,0.20968958642526228,0.2056156657476853,0.13809875093559978,1.5184032078830878,2.5793251053413995,-0.2154346427999353,0.9544224785548142,0.6814814814814815,0.15917593293255486,-0.09853109940997232,25,5,0.42921275303992007,0.0,0.04,2.2806791507977866e-18,0.42921275303992007,0.9091331586802367,0.9999999999999993,0.3237470653802894,3.0888310873964224,0.8856276585603609,alta,25,25,5,2015-02-28,2026-04-30
etfs_todos,max_sharpe,etfs_todos__max_sharpe,2015-02-28,2026-04-30,135,7.339281857452104,0.21315761234474515,0.20917492657412362,0.14119475179746335,1.5096709306200617,2.7289789233528237,-0.2334128223759604,0.8961586790515024,0.6814814814814815,0.16058723236719422,-0.09691742028548886,24,4,0.44140651207326953,0.0,0.041666666666666664,9.365637773000636e-17,0.44140651207326953,0.9371761384388408,0.9999999999999987,0.3429731828652951,2.915679854750499,0.8892546292974832,alta,24,24,4,2015-02-28,2026-04-30
etfs_exterior,max_sharpe,etfs_exterior__max_sharpe,2015-02-28,2026-04-30,135,9.024711970567276,0.23884731203073206,0.22927268116011512,0.18150440943958593,1.3159311818825692,2.5382874899472045,-0.27750786292005725,0.8261844502264161,0.6222222222222222,0.19609783215141818,-0.16075785300418166,22,4,0.4404069045474687,0.0,0.045454545454545456,4.3563309623206747e-17,0.4404069045474687,0.936572085278403,0.9999999999999996,0.32185191331899543,3.107018969338471,0.8713840774549864,alta,22,22,4,2015-02-28,2026-04-30
etfs_america_norte,max_sharpe,etfs_america_norte__max_sharpe,2015-02-28,2026-04-30,135,8.90368311938187,0.24076349091317564,0.2279362689984521,0.19917431060836946,1.2088079540869192,2.1623285652000632,-0.27086919218065053,0.8414994232582743,0.6148148148148148,0.20586456078448598,-0.16209537205826843,3,2,0.847959156118205,1.4354906041718516e-18,0.3333333333333333,0.152040843881795,0.847959156118205,1.0,1.0,0.7421511486529868,1.3474344165807894,0.5653061040788037,alta,3,3,2,2015-02-28,2026-04-30
etfs_asia,max_sharpe,etfs_asia__max_sharpe,2015-02-28,2026-04-30,135,5.601661169915558,0.20120592428248635,0.18413653748693215,0.1882720511261956,1.068697786415581,1.8390229763381958,-0.38162677085545893,0.4825042464242474,0.6222222222222222,0.1933494683973904,-0.184561401337111,6,2,0.788452137281095,0.0,0.16666666666666666,1.477648282834073e-17,0.788452137281095,1.0,1.0,0.6664092710040633,1.5005793639295013,0.7628173790936987,alta,6,6,2,2015-02-28,2026-04-30
etfs_global,max_sharpe,etfs_global__max_sharpe,2015-02-28,2026-04-30,135,4.204756474449557,0.17565477503417426,0.15919169495187457,0.16502214715566213,1.0644315206278498,1.8657652989544367,-0.2805816737761425,0.5673631239326167,0.6148148148148148,0.1787630285525892,-0.1475653099068781,3,1,1.0,0.0,0.3333333333333333,3.7527615210896584e-17,1.0,1.0,1.0,1.0,1.0,0.6666666666666667,alta,3,3,1,2015-02-28,2026-04-30
etfs_latam,max_sharpe,etfs_latam__max_sharpe,2015-02-28,2026-04-30,135,4.7943235085865314,0.1948030009980739,0.17038461298956697,0.20382703204422997,0.9557270154225771,1.554846758003884,-0.2189096000853682,0.7783332157343582,0.6370370370370371,0.21294135651260412,-0.17341293376788167,3,3,0.4916553413491064,0.13060386899610876,0.3333333333333333,0.3777407896547848,0.4916553413491064,0.9999999999999999,0.9999999999999999,0.40147044944287946,2.4908433519520554,0.24070098156866515,alta,3,3,3,2015-02-28,2026-04-30
etfs_desenvolvidos_emergentes,max_sharpe,etfs_desenvolvidos_emergentes__max_sharpe,2015-02-28,2026-04-30,135,2.9527085251110337,0.14974081689856547,0.13097567651877262,0.15696620375076892,0.9539685188304871,1.4914278226568691,-0.3125909857423481,0.4190001711269077,0.6370370370370371,0.1791081746748687,-0.1586700536230902,2,2,0.6815772555963729,0.31842274440362717,0.5,0.5,0.6815772555963729,1.0,1.0,0.5659405994998212,1.7669698920413217,0.18157725559637306,alta,2,2,2,2015-02-28,2026-04-30
etfs_europa,max_sharpe,etfs_europa__max_sharpe,2015-02-28,2026-04-30,135,2.6830648523000034,0.14586152479165704,0.12384214992479037,0.169123969190869,0.8624532967709706,1.375630266981013,-0.29472502083372043,0.42019557611520303,0.6148148148148148,0.18604011240220822,-0.14817086029563126,3,2,0.5174883972072294,3.879897000378536e-16,0.3333333333333333,0.4825116027927703,0.5174883972072294,1.0,1.0,0.5006116880737553,1.99755623734592,0.34499226480481937,alta,3,3,2,2015-02-28,2026-04-30
etfs_oceania,max_sharpe,etfs_oceania__max_sharpe,2015-02-28,2026-04-30,135,2.4881974255519035,0.14541598918319068,0.1183845000435193,0.18625926403026505,0.7807181561694682,1.4811712057011843,-0.24253317754023507,0.48811672384030796,0.5925925925925926,0.2069257771332833,-0.1423923437905995,2,1,1.0,3.144186300207963e-17,0.5,0.5,1.0,1.0,1.0,1.0,1.0,0.5,alta,2,2,1,2015-02-28,2026-04-30
etfs_brasil,max_sharpe,etfs_brasil__max_sharpe,2015-02-28,2026-04-30,135,2.8764248573645657,0.1538568752370351,0.12900365149258874,0.21860480937115256,0.7038128560832033,0.968175538935241,-0.3765171592094706,0.3426235653202174,0.6,0.1734619660884924,-0.3106361876142466,2,1,1.0,5.551115123125783e-17,0.5,0.5,1.0,1.0,1.0,1.0,1.0,0.5,alta,2,2,1,2015-02-28,2026-04-30
etfs_com_tudo,min_vol,etfs_com_tudo__min_vol,2015-02-28,2026-04-30,135,4.547163246927932,0.16662213903310436,0.16582461079001032,0.09743559689707872,1.710074596341904,2.864529470189996,-0.08986717682621659,1.8452188735235195,0.6518518518518519,0.10158438908918584,-0.06908012493525068,27,8,0.36349229468751937,0.0,0.037037037037037035,3.736574156310252e-18,0.36349229468751937,0.791090691836934,0.9293878076185804,0.2615953353283714,3.8226981331480365,0.8608946540167146,alta,27,27,8,2015-02-28,2026-04-30
etfs_com_ouro_petroleo,min_vol,etfs_com_ouro_petroleo__min_vol,2015-02-28,2026-04-30,135,4.482128099240307,0.1655452785900454,0.1645940136397337,0.09744423224171167,1.6988720089600398,2.8495464990270403,-0.08923470807254474,1.8445066633257143,0.6518518518518519,0.10139767314406069,-0.06883194661362062,26,7,0.3632151047536003,0.0,0.038461538461538464,8.044213429434897e-18,0.3632151047536003,0.7900094773251505,0.9318809975733539,0.26172977131680264,3.8207346262859074,0.8561131723765414,alta,26,26,7,2015-02-28,2026-04-30
etfs_com_ouro_btc,min_vol,etfs_com_ouro_btc__min_vol,2015-02-28,2026-04-30,135,4.388584094925775,0.164731729046757,0.16280045723640746,0.10071111470438669,1.6356856890154325,3.0608538950144006,-0.12334707983573623,1.3198565985770565,0.674074074074074,0.10671713040559702,-0.05966225485872074,26,8,0.3440789723104754,0.0,0.038461538461538464,4.2789389444845215e-18,0.3440789723104754,0.8051693009130495,0.9482583572632558,0.2602243628451515,3.842837730743365,0.8577106875338649,alta,26,26,8,2015-02-28,2026-04-30
etfs_com_ouro,min_vol,etfs_com_ouro__min_vol,2015-02-28,2026-04-30,135,4.388584028239967,0.1647317280026051,0.1628004559477414,0.10071111470438303,1.6356856786476999,3.060853786490857,-0.12334707727908689,1.3198566154866136,0.674074074074074,0.10671713129831507,-0.05966225407734281,25,8,0.3440789469274394,0.0,0.04000000000000001,2.4588610669824717e-18,0.3440789469274394,0.8051691846791754,0.9482582843465487,0.2602243320551976,3.84283818543104,0.8520190908189125,alta,25,25,8,2015-02-28,2026-04-30
etfs_com_petroleo,min_vol,etfs_com_petroleo__min_vol,2015-02-28,2026-04-30,135,3.3578416164797487,0.15048319540209257,0.14090159907667754,0.11675983424332628,1.288826730333371,1.9236696455452207,-0.16123335311940945,0.8738985845709343,0.6888888888888889,0.1455685116023978,-0.11082242988813126,25,7,0.3609634677324018,0.0,0.04000000000000001,8.935191897174908e-18,0.3609634677324018,0.7913823621873184,0.9472639706555472,0.24899464627050313,4.016150607967766,0.8503151952559613,media,25,25,7,2015-02-28,2026-04-30
etfs_com_btc_petroleo,min_vol,etfs_com_btc_petroleo__min_vol,2015-02-28,2026-04-30,135,3.3578412452911968,0.15048318773846733,0.14090159037410221,0.11675983424334445,1.2888266646973694,1.9236695814463824,-0.16123343893063158,0.8738980654920047,0.6888888888888889,0.14556851208969643,-0.11082238871044864,26,7,0.3609634792788407,0.0,0.038461538461538464,1.0895251720594092e-17,0.3609634792788407,0.7913829333224753,0.9472639212797108,0.2489948657367786,4.016147068097123,0.8560724078472073,media,26,26,7,2015-02-28,2026-04-30
etfs_todos,min_vol,etfs_todos__min_vol,2015-02-28,2026-04-30,135,3.3393773166661322,0.15042959908638026,0.14046786338662476,0.11785215467573587,1.2764263793078672,2.1352092370993887,-0.18090292771422112,0.7764819793769557,0.6962962962962963,0.1485350214505369,-0.09819234633231175,24,6,0.3694108240072126,0.0,0.041666666666666664,2.2697116233410846e-17,0.3694108240072126,0.7736519641707147,0.97038309953151,0.24552676644360039,4.072875696954648,0.8435567423333457,media,24,24,6,2015-02-28,2026-04-30
etfs_com_btc,min_vol,etfs_com_btc__min_vol,2015-02-28,2026-04-30,135,3.339377127465749,0.15042959523138028,0.14046785893361036,0.11785215467574922,1.2764263465972474,2.1352092819479473,-0.18090298176513397,0.776481722761096,0.6962962962962963,0.14853502261002705,-0.09819231968484782,25,6,0.36941086568517845,0.0,0.04,8.322470299957753e-18,0.36941086568517845,0.7736520941225808,0.9703831110478538,0.24552688300272868,4.072873763435862,0.8498145312159824,media,25,25,6,2015-02-28,2026-04-30
etfs_america_norte,min_vol,etfs_america_norte__min_vol,2015-02-28,2026-04-30,135,5.609314760226697,0.19913209476529503,0.18425941180352923,0.17770162824033123,1.1205980313021124,2.1727968190959417,-0.20196273323549407,0.9123436232598303,0.5777777777777777,0.1819229773102701,-0.14803250049016017,3,2,0.870156110606876,0.0,0.3333333333333333,0.12984388939312394,0.870156110606876,1.0,1.0,0.7740310924392197,1.2919377655084627,0.5801040737379173,alta,3,3,2,2015-02-28,2026-04-30
etfs_global,min_vol,etfs_global__min_vol,2015-02-28,2026-04-30,135,3.561585181349634,0.16373380050026082,0.14557966132837685,0.16249019283295546,1.0076534321587263,1.6752926051325425,-0.2967333586155987,0.4906076688093808,0.6,0.18279236149469386,-0.15349853832745824,3,2,0.5536062685087435,9.857343106898057e-17,0.3333333333333333,0.4463937314912565,0.5536062685087435,1.0,1.0,0.505747264046863,1.977272189271476,0.3690708456724958,alta,3,3,2,2015-02-28,2026-04-30
etfs_exterior,min_vol,etfs_exterior__min_vol,2015-02-28,2026-04-30,135,2.7410756184936287,0.14345656499826148,0.1254160855158093,0.14614761345682667,0.9815867779506359,1.5220603655600706,-0.23301510198241848,0.5382315757597215,0.6370370370370371,0.18272637047550244,-0.16200070302902891,22,8,0.3372579023543863,0.0,0.045454545454545456,1.293055596054077e-17,0.3372579023543863,0.7282448658281025,0.9108861142564806,0.22535004664162483,4.437540683496304,0.8070448756729014,media,22,22,8,2015-02-28,2026-04-30
etfs_desenvolvidos_emergentes,min_vol,etfs_desenvolvidos_emergentes__min_vol,2015-02-28,2026-04-30,135,2.8260859704745442,0.14607881311708376,0.12768288783497206,0.15503497128573263,0.9422313682237379,1.4914509010485673,-0.3210780047505998,0.3976693698908179,0.6592592592592592,0.17331237435445826,-0.15899384058956267,2,2,0.5846082134648085,0.4153917865351916,0.5,0.5,0.5846082134648085,1.0,1.0,0.5143170995714134,1.9443257881826446,0.08460821346480873,alta,2,2,2,2015-02-28,2026-04-30
etfs_asia,min_vol,etfs_asia__min_vol,2015-02-28,2026-04-30,135,2.734580477691539,0.14511272211128234,0.12524096979493415,0.16395909612974938,0.8850544162334677,1.3469894054807483,-0.2989098759054295,0.4189924117280035,0.6444444444444445,0.1709278172179948,-0.16523795499567082,6,4,0.4788625944420695,0.0,0.16666666666666666,0.12939592636905003,0.4788625944420695,0.9111525108197209,1.0,0.334909536478845,2.985880935233286,0.5437410841745633,alta,6,6,4,2015-02-28,2026-04-30
etfs_europa,min_vol,etfs_europa__min_vol,2015-02-28,2026-04-30,135,2.2967707179060106,0.1344337151039483,0.11274591068354933,0.16166875199263644,0.8315380272748774,1.3763439590132354,-0.2521338855099976,0.4471668314455049,0.5777777777777777,0.18286787167613694,-0.1414587138800053,3,1,1.0,0.0,0.3333333333333333,8.833176100137296e-20,1.0,1.0,1.0,1.0,1.0,0.6666666666666667,alta,3,3,1,2015-02-28,2026-04-30
etfs_latam,min_vol,etfs_latam__min_vol,2015-02-28,2026-04-30,135,2.594951658004958,0.14660461708795963,0.12140776026627842,0.17682254669052244,0.8291059021141083,1.168931700863546,-0.2796463259174745,0.43414752497805625,0.6222222222222222,0.205456174265154,-0.19529543802996832,3,3,0.49225796762268453,0.12142932744842419,0.3333333333333333,0.38631270492889136,0.49225796762268453,1.0,1.0,0.4063004942420692,2.4612325462843554,0.2472190934495071,alta,3,3,3,2015-02-28,2026-04-30
etfs_oceania,min_vol,etfs_oceania__min_vol,2015-02-28,2026-04-30,135,2.2520844876448205,0.13810049887414547,0.11138680833233172,0.1831069414201421,0.7542067919602864,1.3808037305262097,-0.2812061847228221,0.39610369324601774,0.5851851851851851,0.20086115708339494,-0.1420524880702366,2,2,0.6990157669653848,0.30098423303461525,0.5,0.5,0.6990157669653848,1.0,1.0,0.5792145510016407,1.7264759634762137,0.19901576696538492,alta,2,2,2,2015-02-28,2026-04-30
etfs_brasil,min_vol,etfs_brasil__min_vol,2015-02-28,2026-04-30,135,2.8764248573645657,0.1538568752370351,0.12900365149258874,0.21860480937115256,0.7038128560832033,0.968175538935241,-0.3765171592094706,0.3426235653202174,0.6,0.1734619660884924,-0.3106361876142466,2,1,1.0,3.469446951953614e-17,0.5,0.5,1.0,1.0,1.0,1.0,1.0,0.5,alta,2,2,1,2015-02-28,2026-04-30
